matricola,nome,cognome,data di nascita,sesso,numero di cellulare,residenza,qualifica,titolo,limitazioni lavorative,reparto,specializzazione,anzianita,classificazione,stipendio base,incremento anzianita,bonus incarico,stipendio totale
A00001,Victoria,Scalfaro,1970-05-26,0,+39 3782180026,"Incrocio Galiazzo, 47 Appartamento 93 70128, Palese (BA)",infermiere,laurea scienze infermieristiche,0,malattie dell'apparato respiratorio,no,30,no,23653,6000,0,29653
A00002,Concetta,Mondaini,1979-02-02,0,+39 3903006767,"Canale Uberto, 98 Piano 4 70131, Carbonara Di Bari (BA)",infermiere,laurea scienze infermieristiche,0,anestesia e rianimazione,no,21,no,23653,4000,0,27653
A00003,Romana,Iacovelli,1986-05-01,0,+39 3482859351,"Viale Micheletti, 79 70129, Ceglie Del Campo (BA)",infermiere,laurea scienze infermieristiche,0,nefrologia e dialisi,no,14,no,23653,2000,0,25653
A00004,Graziano,Nolcini,1972-12-26,1,+39 3455024958,"Piazza Valerio, 3 70038, Terlizzi (BA)",infermiere,laurea scienze infermieristiche,1,cardiologia,no,28,no,23653,5000,0,28653
A00005,Salvatore,Vergassola,1961-08-13,1,+39 3570063886,"Via Pascarella, 70 Piano 8 70131, Carbonara Di Bari (BA)",infermiere,laurea scienze infermieristiche,0,anestesia e rianimazione,no,39,no,23653,6000,0,29653
A00006,Pomponio,Pirelli,1997-06-17,1,+39 3180215693,"Strada Guglielmo, 917 70013, Castellana Grotte (BA)",infermiere,laurea scienze infermieristiche,1,cardiologia,no,3,no,23653,0,0,23653
A00007,Dante,Innocenti,1980-10-11,1,+39 3364543629,"Contrada Gagliardi, 820 70125, Carrassi (BA)",infermiere,laurea scienze infermieristiche,0,anestesia e rianimazione,no,22,no,23653,4000,0,27653
A00008,Lucia,Abbagnale,1988-11-25,0,+39 3742403726,"Via Mengolo, 6 70126, Mungivacca (BA)",caposala,laurea magistrale infermieristica,0,malattie dell'apparato respiratorio,no,12,no,25675,2400,0,28075
A00009,Gustavo,Golgi,1983-08-05,1,+39 3123576451,"Stretto Dino, 8 70054, Giovinazzo (BA)",ausiliare,no,1,anestesia e rianimazione,no,17,no,20907,2100,0,23007
A00010,Mauro,Iannucci,1968-03-12,1,+39 3008709705,"Canale Faugno, 8 70123, San Francesco Dell'Arena (BA)",infermiere,laurea scienze infermieristiche,0,cardiologia,no,32,no,23653,6000,0,29653
A00011,Dionigi,Semitecolo,1995-09-30,1,+39 3692092702,"Via Viola, 46 70025, Grumo Appula (BA)",infermiere,laurea scienze infermieristiche,1,neonatologia,no,5,no,23653,1000,0,24653
A00012,Isa,Persico,1983-03-03,0,+39 3921138139,"Stretto Ranieri, 22 70011, Coreggia (BA)",medico,laurea medicina,1,anestesia e rianimazione,Terapia del dolore,17,incarico professionale,45260,0,24143,69403
A00013,Ettore,Leone,1962-10-31,1,+39 3740753839,"Stretto Schiavone, 5 70022, Parisi (BA)",infermiere,laurea scienze infermieristiche,1,cardiologia,no,38,no,23653,6000,0,29653
A00014,Torquato,Ricolfi,1971-07-21,1,+39 3477010985,"Vicolo Camicione, 468 Appartamento 48 70021, Acquaviva Delle Fonti (BA)",infermiere,laurea scienze infermieristiche,1,nefrologia e dialisi,no,29,no,23653,5000,0,28653
A00015,Angelica,Canil,1966-06-15,0,+39 3925091350,"Borgo Maderna, 99 70044, Polignano A Mare (BA)",infermiere,laurea scienze infermieristiche,1,neurologia,no,34,no,23653,6000,0,29653
A00016,Graziella,Rusticucci,1963-09-02,0,+39 3641966300,"Incrocio Rismondo, 362 Appartamento 7 70044, Polignano A Mare (BA)",medico,laurea medicina,1,cardiologia,Cardiologia e malattie dei vasi,37,incarico professionale,45260,0,24143,69403
A00017,Piermaria,Acerbi,1965-01-17,0,+39 3481401366,"Borgo Bellucci, 50 Appartamento 78 70131, Carbonara Di Bari (BA)",ausiliare,no,1,cardiologia,no,35,no,20907,4200,0,25107
A00018,Coluccio,Marconi,1970-06-25,1,+39 3541446018,"Incrocio Gastone, 50 70129, Ceglie Del Campo (BA)",medico,laurea medicina,0,cardiologia,Angiologia,30,incarico professionale,45260,0,24143,69403
A00019,Zaira,Giolitti,1983-09-22,0,+39 3107407872,"Canale Delle, 89 70126, Bari (BA)",OSS,diploma operatore socio-sanitario,1,cardiologia,no,17,no,22180,2400,0,24580
A00020,Virgilio,Ferretti,1980-04-01,1,+39 3635419189,"Rotonda Lippomano, 798 Piano 7 70024, La Murgetta (BA)",infermiere,laurea scienze infermieristiche,1,neurologia,no,20,no,23653,4000,0,27653
A00021,Gaetano,Gasperi,1986-06-23,1,+39 3526359655,"Incrocio Evangelista, 23 Appartamento 63 70013, Castellana Grotte (BA)",medico,laurea medicina,0,anestesia e rianimazione,Medicina subacquea ed iperbarica,14,incarico professionale,45260,0,24143,69403
A00022,Camilla,Chiesa,1966-07-08,0,+39 3569492563,"Strada Argenti, 83 Piano 5 70129, Ceglie Del Campo (BA)",medico,laurea medicina,1,cardiologia,Cardiologia e malattie dei vasi,34,incarico professionale,45260,0,24143,69403
A00023,Laureano,Sermonti,1979-08-06,1,+39 3009068733,"Canale Nonis, 75 70126, Japigia (BA)",infermiere,laurea scienze infermieristiche,0,cardiologia,no,21,no,23653,4000,0,27653
A00024,Galasso,Tasso,1963-03-22,1,+39 3646810046,"Stretto Alessia, 1 Appartamento 7 70044, Polignano A Mare (BA)",infermiere,laurea scienze infermieristiche,1,neurologia,no,37,no,23653,6000,0,29653
A00025,Rocco,Lanfranchi,1982-07-15,1,+39 3770337512,"Stretto Guido, 21 70017, Putignano (BA)",medico,laurea medicina,1,malattie dell'apparato respiratorio,Cardiologia,18,incarico professionale,45260,0,24143,69403
A00026,Paulina,Errani,1989-05-27,0,+39 3275974136,"Borgo Trentin, 9 Piano 5 70054, Giovinazzo (BA)",medico,laurea medicina,1,anestesia e rianimazione,Anestesiologia e rianimazione,11,incarico professionale,45260,0,24143,69403
A00027,Leopoldo,Sabbatini,1990-02-22,1,+39 3189187001,"Via Claudio, 56 Appartamento 8 70044, Polignano A Mare (BA)",medico,laurea medicina,1,anestesia e rianimazione,Anestesiologia rianimazione e terapia intensiva,10,incarico professionale,45260,0,24143,69403
A00028,Ilaria,Baglioni,1958-09-27,0,+39 3997642441,"Vicolo Alessio, 97 Appartamento 9 70128, Palese (BA)",medico,laurea medicina,1,cardiologia,Allergologia e immunologia clinica,42,incarico professionale,45260,0,24143,69403
A00029,Valeria,Fattori,1962-12-16,0,+39 3966847527,"Incrocio Bragadin, 7 70021, Acquaviva Delle Fonti (BA)",medico,laurea medicina,1,nefrologia e dialisi,Nefrologia e dialisi,38,incarico professionale,45260,0,24143,69403
A00030,Fabio,Nolcini,1999-04-09,1,+39 3517304647,"Canale Malenchini, 47 70013, Castellana Grotte (BA)",ausiliare,no,1,cardiologia,no,1,no,20907,0,0,20907
A00031,Salvi,Germano,1977-02-16,1,+39 3037616691,"Viale Ludovica, 230 70123, San Girolamo (BA)",OSS,diploma operatore socio-sanitario,0,neonatologia,no,23,no,22180,3200,0,25380
A00032,Giada,Bonatti,1987-07-19,0,+39 3227754288,"Canale Vincenzo, 654 Appartamento 77 70124, Bari (BA)",medico,laurea medicina,1,neurologia,Neurofisiologia clinica,13,incarico professionale,45260,0,24143,69403
A00033,Dionigi,Jilani,1968-08-30,1,+39 3857072474,"Vicolo Baldassare, 64 Piano 1 70016, Noicattaro (BA)",infermiere,laurea scienze infermieristiche,1,neonatologia,no,32,no,23653,6000,0,29653
A00034,Saverio,Federico,1960-06-06,1,+39 3815839414,"Contrada Bongiorno, 27 Appartamento 2 70033, Corato (BA)",ausiliare,no,1,cardiologia,no,40,no,20907,4200,0,25107
A00035,Letizia,Riccardi,1993-10-06,0,+39 3488488049,"Rotonda Cusano, 5 Piano 8 70128, Palese (BA)",infermiere,laurea scienze infermieristiche,0,anestesia e rianimazione,no,7,no,23653,1000,0,24653
A00036,Laura,Mogherini,1970-03-26,0,+39 3604800478,"Canale Moresi, 87 Piano 7 70024, Gravina In Puglia (BA)",infermiere,laurea scienze infermieristiche,1,anestesia e rianimazione,no,30,no,23653,6000,0,29653
A00037,Gino,Ossani,1977-04-07,1,+39 3669024807,"Stretto Alina, 43 70027, Palo Del Colle (BA)",medico,laurea medicina,1,cardiologia,Malattie cardiovascolari,23,incarico professionale,45260,0,24143,69403
A00038,Bruno,Albertini,1958-07-08,1,+39 3035973151,"Vicolo Gioele, 50 70128, Palese (BA)",OSS,diploma operatore socio-sanitario,1,anestesia e rianimazione,no,42,no,22180,4800,0,26980
A00039,Zaira,Bruno,1967-06-23,0,+39 3818045953,"Canale Borsellino, 273 Appartamento 5 70131, Carbonara Di Bari (BA)",infermiere,laurea scienze infermieristiche,0,nefrologia e dialisi,no,33,no,23653,6000,0,29653
A00040,Vittoria,Cuzzocrea,1981-11-29,0,+39 3374139081,"Canale Battaglia, 231 70100, Bari (BA)",infermiere,laurea scienze infermieristiche,0,cardiologia,no,19,no,23653,3000,0,26653
A00041,Camillo,Cesaroni,1963-07-04,1,+39 3439551574,"Vicolo Donatella, 46 70015, Lamadacqua (BA)",infermiere,laurea magistrale infermieristica,1,neonatologia,no,37,no,23653,6000,0,29653
A00042,Germana,Foa,1969-01-28,0,+39 3360876929,"Vicolo Cesare, 190 70028, Sannicandro Di Bari (BA)",medico,laurea medicina,1,anestesia e rianimazione,Anestesiologia e rianimazione,31,incarico professionale,45260,0,24143,69403
A00043,Ennio,Bernardi,1990-05-17,1,+39 3343460134,"Vicolo Bottaro, 3 Appartamento 64 70124, Bari (BA)",infermiere,laurea scienze infermieristiche,0,anestesia e rianimazione,no,10,no,23653,2000,0,25653
A00044,Valerio,Mozart,1963-08-12,1,+39 3861025428,"Canale Manzoni, 366 Appartamento 7 70016, Parchitello (BA)",OSS,diploma operatore socio-sanitario,1,neurologia,no,37,no,22180,4800,0,26980
A00045,Tonia,Interiano,1965-02-24,0,+39 3814995755,"Strada Liverotti, 863 70038, Terlizzi (BA)",infermiere,laurea scienze infermieristiche,1,anestesia e rianimazione,no,35,no,23653,6000,0,29653
A00046,Amleto,Vendetti,1977-07-19,1,+39 3021413556,"Rotonda Perini, 696 70127, Santo Spirito (BA)",infermiere,laurea scienze infermieristiche,0,nefrologia e dialisi,no,23,no,23653,4000,0,27653
A00047,Elvira,Morpurgo,1984-07-22,0,+39 3174976092,"Incrocio Baccio, 8 Appartamento 16 70128, Palese (BA)",medico,laurea medicina,1,anestesia e rianimazione,Terapia del dolore,16,incarico professionale,45260,0,24143,69403
A00048,Giuliano,Marazzi,1963-11-26,1,+39 3335504885,"Viale Elisa, 15 Piano 3 70131, Carbonara Di Bari (BA)",infermiere,laurea scienze infermieristiche,0,neurologia,no,37,no,23653,6000,0,29653
A00049,Federigo,Travaglia,1960-03-24,1,+39 3048284818,"Contrada Isabella, 9 70038, Terlizzi (BA)",medico,laurea medicina,1,cardiologia,Cardiologia e malattie dei vasi,40,incarico di responsabile di struttura semplice,45260,0,33333,78593
A00050,Gianpaolo,Galilei,1997-10-13,1,+39 3367898813,"Via Cilibrasi, 0 70128, Palese (BA)",infermiere,laurea scienze infermieristiche,0,nefrologia e dialisi,no,3,no,23653,0,0,23653
A00051,Gaspare,Fischetti,1992-09-23,1,+39 3786128071,"Stretto Gilberto, 258 Appartamento 9 70032, Mariotto (BA)",infermiere,laurea scienze infermieristiche,1,neurologia,no,8,no,23653,1000,0,24653
A00052,Cassandra,Ceci,1994-03-30,0,+39 3975471758,"Viale Giacconi, 82 70029, Santeramo In Colle (BA)",infermiere,laurea scienze infermieristiche,1,cardiologia,no,6,no,23653,1000,0,24653
A00053,Milo,Moneta,1969-10-23,1,+39 3125386472,"Vicolo Vianello, 6 Piano 1 70023, Gioia Del Colle (BA)",medico,laurea medicina,1,nefrologia e dialisi,Emodialisi,31,incarico di responsabile di struttura semplice,45260,0,33333,78593 
A00054,Graziella,Chiaramonte,1977-02-28,0,+39 3698825289,"Stretto Romano, 750 Piano 8 70020, Poggiorsini (BA)",medico,laurea medicina,1,neonatologia,Terapia intensiva neonatale,23,incarico di responsabile di struttura complessa,45260,0,45702,90962
A00055,Giovanni,Abba,1969-10-09,1,+39 3893308254,"Incrocio Fittipaldi, 881 70123, San Paolo (BA)",infermiere,laurea scienze infermieristiche,0,cardiologia,no,31,no,23653,6000,0,29653
A00056,Anita,Ughi,1973-01-15,0,+39 3091933972,"Borgo Ferrara, 2 70020, Bitritto (BA)",infermiere,laurea scienze infermieristiche,1,neurologia,no,27,no,23653,5000,0,28653
A00057,Rosalia,Turchetta,1993-06-23,0,+39 3731486761,"Canale Giulio, 350 70131, Carbonara Di Bari (BA)",infermiere,laurea scienze infermieristiche,0,anestesia e rianimazione,no,7,no,23653,1000,0,24653
A00058,Antonio,Trotta,1961-09-17,1,+39 3022637394,"Incrocio Costalonga, 63 Appartamento 14 70054, Giovinazzo (BA)",medico,laurea medicina,1,anestesia e rianimazione,Terapia intensiva,39,incarico professionale,45260,0,24143,69403
A00059,Marcello,Tirabassi,1960-02-16,1,+39 3186216196,"Rotonda Luciana, 97 70038, Terlizzi (BA)",ausiliare,no,1,malattie dell'apparato respiratorio,no,40,no,20907,4200,0,25107
A00060,Giovanna,Fabbri,1972-07-26,0,+39 3550094558,"Rotonda Michelangeli, 42 70010, San Pietro (BA)",medico,laurea medicina,1,nefrologia e dialisi,Malattie del rene del sangue e del ricambio,28,incarico di responsabile di struttura semplice,45260,0,33333,78593
A00061,Bartolomeo,Foconi,1980-04-07,1,+39 3198242026,"Canale Acerbi, 5 Appartamento 0 70014, Conversano (BA)",medico,laurea medicina,1,neurologia,Neurofisiologia clinica,20,incarico professionale,45260,0,24143,69403
A00062,Arnaldo,Bocca,1988-01-31,1,+39 3564574643,"Piazza Mariano, 652 Piano 3 70032, Palombaio (BA)",OSS,diploma operatore socio-sanitario,1,cardiologia,no,12,no,22180,1600,0,23780
A00063,Fredo,Fabbri,1976-04-16,1,+39 3327538214,"Piazza Calcedonio, 322 Appartamento 28 70128, Palese (BA)",medico,laurea medicina,1,anestesia e rianimazione,Servizio sanitario d’urgenza ed emergenza,24,incarico professionale,45260,0,24143,69403
A00064,Giulio,Cignaroli,1995-09-01,1,+39 3134154947,"Strada Romeo, 8 70029, Santeramo In Colle (BA)",infermiere,laurea scienze infermieristiche,1,anestesia e rianimazione,no,5,no,23653,1000,0,24653
A00065,Severino,Schicchi,1959-01-29,1,+39 3456282070,"Piazza Pier, 41 Piano 5 70037, Ruvo Di Puglia (BA)",OSS,diploma operatore socio-sanitario,1,neonatologia,no,41,no,22180,4800,0,26980
A00066,Liberto,Boitani,1986-09-20,1,+39 3227650463,"Rotonda Ubaldi, 333 70125, Carrassi (BA)",infermiere,laurea scienze infermieristiche,0,anestesia e rianimazione,no,14,no,23653,2000,0,25653
A00067,Vincenza,Missoni,1983-05-27,0,+39 3759935131,"Viale Michelotto, 811 Appartamento 9 70123, San Paolo (BA)",infermiere,laurea scienze infermieristiche,0,anestesia e rianimazione,no,17,no,23653,3000,0,26653
A00068,Gustavo,Rossini,1974-05-27,1,+39 3379959060,"Rotonda Pina, 84 Piano 2 70033, Corato (BA)",medico,laurea medicina,0,neurologia,Neurofisiologia clinica,26,incarico professionale,45260,0,24143,69403
A00069,Armando,Bernini,1958-03-06,1,+39 3941751499,"Strada Giulia, 0 Piano 0 70100, Bari (BA)",infermiere,laurea scienze infermieristiche,0,nefrologia e dialisi,no,42,no,23653,6000,0,29653
A00070,Gianmarco,Abbagnale,1961-04-30,1,+39 3377733975,"Viale Ernesto, 364 70131, Carbonara Di Bari (BA)",infermiere,laurea scienze infermieristiche,0,nefrologia e dialisi,no,39,no,23653,6000,0,29653
A00071,Liliana,Prodi,1976-01-27,0,+39 3698403690,"Viale Marini, 32 Piano 5 70032, Mariotto (BA)",ausiliare,no,1,cardiologia,no,24,no,20907,2800,0,23707
A00072,Nicolo,Branciforte,1965-05-24,1,+39 3956667621,"Strada Corradi, 417 Appartamento 30 70125, Carrassi (BA)",infermiere,laurea scienze infermieristiche,0,malattie dell'apparato respiratorio,no,35,no,23653,6000,0,29653
A00073,Vito,Nordio,1996-12-31,1,+39 3715664772,"Contrada Parisi, 29 Appartamento 0 70018, Rutigliano (BA)",OSS,diploma operatore socio-sanitario,1,anestesia e rianimazione,no,4,no,22180,0,0,22180
A00074,Ramona,Munari,1963-05-18,0,+39 3969271500,"Rotonda Pierpaolo, 741 Appartamento 85 70125, Carrassi (BA)",infermiere,laurea scienze infermieristiche,0,cardiologia,no,37,no,23653,6000,0,29653
A00075,Flavia,Segre,1999-07-08,0,+39 3184875312,"Incrocio Chiara, 98 Appartamento 81 70121, Bari (BA)",infermiere,laurea scienze infermieristiche,0,malattie dell'apparato respiratorio,no,1,no,23653,0,0,23653
A00076,Giovanna,Serlupi,1986-01-08,0,+39 3725969570,"Vicolo Gagliardi, 759 Piano 3 70027, Palo Del Colle (BA)",medico,laurea medicina,1,neurologia,Neurofisiologia clinica,15,incarico professionale,45260,0,24143,69403
A00077,Simonetta,Bruscantini,1995-05-15,0,+39 3066440705,"Vicolo Achille, 333 70014, Conversano (BA)",medico,laurea medicina,1,anestesia e rianimazione,Anestesiologia rianimazione e terapia intensiva,5,incarico professionale,45260,0,24143,69403
A00078,Stefania,Majewski,1982-07-04,0,+39 3386878176,"Strada Mazzeo, 14 Appartamento 3 70125, Carrassi (BA)",infermiere,laurea scienze infermieristiche,0,neonatologia,no,18,no,23653,3000,0,26653
A00079,Elmo,Varano,1963-03-11,1,+39 3414821037,"Contrada Milo, 590 70100, Bari (BA)",infermiere,laurea scienze infermieristiche,0,neurologia,no,37,no,23653,6000,0,29653
A00080,Sante,Lucchesi,1996-02-22,1,+39 3841937335,"Contrada Guinizzelli, 63 Appartamento 9 70042, Mola Di Bari (BA)",infermiere,laurea scienze infermieristiche,1,neonatologia,no,4,no,23653,0,0,23653
A00081,Tatiana,Leopardi,1980-06-30,0,+39 3183912667,"Viale Nicola, 32 Appartamento 1 70020, Poggiorsini (BA)",infermiere,laurea scienze infermieristiche,1,anestesia e rianimazione,no,20,no,23653,4000,0,27653
A00082,Eraldo,Castellitto,1989-05-24,1,+39 3689553655,"Contrada Finetti, 37 70037, Ruvo Di Puglia (BA)",OSS,diploma operatore socio-sanitario,1,anestesia e rianimazione,no,11,no,22180,1600,0,23780
A00083,Alberto,Malacarne,1982-11-30,1,+39 3856130375,"Rotonda Camuccini, 198 70129, Loseto (BA)",infermiere,laurea scienze infermieristiche,0,anestesia e rianimazione,no,18,no,23653,3000,0,26653
A00084,Delia,Tedesco,1995-10-17,0,+39 3079648793,"Rotonda Frescobaldi, 2 Appartamento 75 70100, Bari (BA)",infermiere,laurea scienze infermieristiche,0,neonatologia,no,5,no,23653,1000,0,24653
A00085,Pina,Giradello,1990-04-28,0,+39 3477508062,"Strada Fredo, 96 70121, Bari (BA)",infermiere,laurea scienze infermieristiche,0,anestesia e rianimazione,no,10,no,23653,2000,0,25653
A00086,Geronimo,Bosio,1981-08-17,1,+39 3669055830,"Contrada Rosa, 1 70121, Bari (BA)",infermiere,laurea scienze infermieristiche,0,cardiologia,no,19,no,23653,3000,0,26653
A00087,Nicola,Serlupi,1988-12-03,0,+39 3684585928,"Borgo Biagi, 494 Piano 8 70054, Giovinazzo (BA)",infermiere,laurea scienze infermieristiche,1,anestesia e rianimazione,no,12,no,23653,2000,0,25653
A00088,Greca,Bombieri,1982-01-02,1,+39 3909809809,"Rotonda Leopoldo, 71 Piano 0 70032, Bitonto (BA)",OSS,diploma operatore socio-sanitario,1,cardiologia,no,19,no,22180,2400,0,24580
A00089,Aurora,Siffredi,1997-12-12,0,+39 3466413748,"Canale Esposito, 46 70121, Bari (BA)",infermiere,laurea scienze infermieristiche,0,neonatologia,no,3,no,23653,0,0,23653
A00090,Luisa,Badoer,1973-12-19,0,+39 3375153921,"Strada Federica, 22 70129, Loseto (BA)",infermiere,laurea scienze infermieristiche,0,anestesia e rianimazione,no,27,no,23653,5000,0,28653
A00091,Germana,Salgari,1979-03-11,0,+39 3725316899,"Canale Infantino, 18 Appartamento 46 70044, Polignano A Mare (BA)",infermiere,laurea scienze infermieristiche,1,neonatologia,no,21,no,23653,4000,0,27653
A00092,Fiamma,Marconi,1993-04-19,0,+39 3981307352,"Stretto Guglielmo, 47 Appartamento 79 70129, Loseto (BA)",infermiere,laurea scienze infermieristiche,0,neonatologia,no,7,no,23653,1000,0,24653
A00093,Mariano,Delle,1986-04-12,1,+39 3911997204,"Piazza Giuseppe, 84 70127, Santo Spirito (BA)",medico,laurea medicina,1,neurologia,Neurologia d'urgenza,14,incarico professionale,45260,0,24143,69403
A00094,Vincenza,Borroni,1988-02-23,0,+39 3999963026,"Contrada Raffaele, 79 Piano 5 70038, Terlizzi (BA)",medico,laurea medicina,1,cardiologia,Fisiopatologia cardiocircolatoria/ cardiovascolare,12,incarico di responsabile di struttura semplice,45260,0,33333,78593
A00095,Giancarlo,Manzoni,1990-12-01,1,+39 3792656120,"Via Filippo, 559 70021, Acquaviva Delle Fonti (BA)",medico,laurea medicina,1,malattie dell'apparato respiratorio,Pneumologia,10,incarico professionale,45260,0,24143,69403
A00096,Cipriano,Turci,1964-06-07,1,+39 3817535120,"Strada Fogazzaro, 0 Appartamento 5 70037, Ruvo Di Puglia (BA)",infermiere,laurea scienze infermieristiche,1,anestesia e rianimazione,no,36,no,23653,6000,0,29653
A00097,Gian,Opizzi,1981-10-23,1,+39 3919801608,"Canale Ruggiero, 532 70019, Triggiano (BA)",medico,laurea medicina,1,malattie dell'apparato respiratorio,Tisiologia,19,incarico professionale,45260,0,24143,69403
A00098,Rocco,Scarpetta,1993-07-15,1,+39 3846332086,"Borgo Filippelli, 438 Piano 9 70129, Loseto (BA)",infermiere,laurea scienze infermieristiche,0,anestesia e rianimazione,no,7,no,23653,1000,0,24653
A00099,Paloma,Calarco,1988-05-26,0,+39 3387576170,"Contrada Armani, 79 Piano 1 70025, Grumo Appula (BA)",infermiere,laurea scienze infermieristiche,1,neurologia,no,12,no,23653,2000,0,25653
A00100,Annalisa,Palazzo,1994-07-16,0,+39 3392642826,"Contrada Malpighi, 42 70121, Bari (BA)",ausiliare,no,1,neonatologia,no,6,no,20907,700,0,21607
A00101,Paoletta,Polani,1992-10-07,1,+39 3189496178,"Vicolo Leopoldo, 964 Piano 3 70128, Palese (BA)",infermiere,laurea scienze infermieristiche,0,cardiologia,no,8,no,23653,1000,0,24653
A00102,Gilberto,Padovano,1998-01-02,1,+39 3664243646,"Incrocio Smirnoff, 483 Appartamento 19 70016, Noicattaro (BA)",infermiere,laurea scienze infermieristiche,1,neurologia,no,3,no,23653,0,0,23653
A00103,Stefania,Salandra,1994-01-12,0,+39 3666521036,"Via Scotti, 786 Piano 5 70129, Loseto (BA)",infermiere,laurea scienze infermieristiche,0,anestesia e rianimazione,no,7,no,23653,1000,0,24653
A00104,Giuliana,Trentini,2000-01-07,0,+39 3431313140,"Incrocio Magnani, 20 70125, San Pasquale (BA)",infermiere,laurea scienze infermieristiche,0,nefrologia e dialisi,no,1,no,23653,0,0,23653
A00105,Marcantonio,Bonomo,1991-03-05,1,+39 3558276857,"Canale Ettore, 69 Piano 1 70010, Casamassima (BA)",medico,laurea medicina,1,neurologia,Neurofisiologia clinica,9,incarico professionale,45260,0,24143,69403
A00106,Nicolo,Manolesso,1987-09-08,1,+39 3910993174,"Strada Carolina, 85 Piano 7 70056, Molfetta (BA)",infermiere,laurea scienze infermieristiche,1,cardiologia,no,13,no,23653,2000,0,25653
A00107,Raffaello,Raimondi,1976-04-22,1,+39 3543132218,"Piazza Polesel, 8 Appartamento 9 70122, Bari (BA)",medico,laurea medicina,1,cardiologia,Cardiologia e malattie dei vasi,24,incarico professionale,45260,0,24143,69403
A00108,Lara,Trillini,1988-09-10,0,+39 3321350925,"Contrada Donatoni, 6 Piano 3 70037, Ruvo Di Puglia (BA)",ausiliare,no,1,cardiologia,no,12,no,20907,1400,0,22307
A00109,Greco,Soprano,1963-06-09,1,+39 3370721816,"Canale Argentero, 763 Appartamento 3 70128, Palese (BA)",infermiere,laurea scienze infermieristiche,0,neurologia,no,37,no,23653,6000,0,29653
A00110,Elisa,Bocelli,1996-08-28,0,+39 3414751354,"Strada Lucia, 58 70123, Stanic (BA)",medico,laurea medicina,1,anestesia e rianimazione,Anestesiologia e rianimazione,4,incarico professionale,45260,0,24143,69403
A00111,Lamberto,Duodo,1984-09-21,1,+39 3673175014,"Viale Lina, 9 70128, Palese (BA)",infermiere,laurea scienze infermieristiche,0,anestesia e rianimazione,no,16,no,23653,3000,0,26653
A00112,Nedda,Gonzaga,1975-01-14,0,+39 3203658091,"Vicolo Tacchini, 996 70038, Terlizzi (BA)",medico,laurea medicina,1,cardiologia,Cardioangiopatie,25,incarico professionale,45260,0,24143,69403
A00113,Claudia,Faugno,1972-03-02,0,+39 3500150170,"Strada Pulci, 835 70125, Carrassi (BA)",infermiere,laurea scienze infermieristiche,0,neonatologia,no,28,no,23653,5000,0,28653
A00114,Donna,Bazzi,1998-07-16,0,+39 3694640980,"Piazza Daria, 157 Appartamento 5 70123, San Cataldo (BA)",infermiere,laurea scienze infermieristiche,0,neonatologia,no,2,no,23653,0,0,23653
A00115,Ennio,Carullo,1956-05-14,1,+39 3918849696,"Borgo Basso, 2 70033, Corato (BA)",medico,laurea medicina,1,anestesia e rianimazione,Anestesiologia rianimazione e terapia intensiva,44,incarico professionale,45260,0,24143,69403
A00116,Ruggiero,Bongiorno,1960-01-08,1,+39 3465988488,"Borgo Gussoni, 98 70128, Palese (BA)",infermiere,laurea scienze infermieristiche,0,cardiologia,no,41,no,23653,6000,0,29653
A00117,Rossana,Travaglio,1984-09-19,0,+39 3933922927,"Stretto Goffredo, 15 Piano 9 70125, San Pasquale (BA)",ausiliare,no,0,anestesia e rianimazione,no,16,no,20907,2100,0,23007
A00118,Delia,Farnese,1985-02-11,0,+39 3724427811,"Piazza Marcantonio, 46 70018, Rutigliano (BA)",medico,laurea medicina,1,neonatologia,Patologia neonatale,15,incarico professionale,45260,0,24143,69403
A00119,Francesco,Maglio,1971-08-25,1,+39 3254282562,"Piazza Ortolani, 58 Piano 4 70126, Mungivacca (BA)",infermiere,laurea scienze infermieristiche,0,malattie dell'apparato respiratorio,no,29,no,23653,5000,0,28653
A00120,Bruno,Dibiasi,1972-03-26,1,+39 3244751809,"Stretto Opizzi, 15 70123, San Cataldo (BA)",infermiere,laurea scienze infermieristiche,0,anestesia e rianimazione,no,28,no,23653,5000,0,28653
A00121,Alina,Saragat,1987-02-07,0,+39 3036783163,"Vicolo Tamburi, 44 70020, Bitetto (BA)",infermiere,laurea scienze infermieristiche,1,anestesia e rianimazione,no,13,no,23653,2000,0,25653
A00122,Sylvia,Sokolov,1986-05-10,0,+39 3377805982,"Contrada Smirnoff, 45 70122, Bari (BA)",OSS,diploma operatore socio-sanitario,1,neonatologia,no,14,no,22180,1600,0,23780
A00123,Paola,Marenzio,1970-01-31,0,+39 3801543418,"Piazza Diana, 71 Appartamento 38 70128, Palese (BA)",infermiere,laurea scienze infermieristiche,0,neonatologia,no,30,no,23653,6000,0,29653
A00124,Aria,Ariasso,1978-10-26,0,+39 3110493486,"Canale Pincherle, 92 Piano 8 70024, La Murgetta (BA)",ausiliare,no,1,cardiologia,no,22,no,20907,2800,0,23707
A00125,Lucio,Cianciolo,1985-12-17,1,+39 3189163310,"Rotonda Cabrini, 942 70037, Ruvo Di Puglia (BA)",OSS,diploma operatore socio-sanitario,0,cardiologia,no,15,no,22180,2400,0,24580
A00126,Mercedes,Binaghi,1980-11-17,0,+39 3679986642,"Strada Guidone, 52 70125, Carrassi (BA)",infermiere,laurea scienze infermieristiche,0,cardiologia,no,21,no,23653,4000,0,27653
A00127,Cassandra,Chiappetta,1987-05-21,0,+39 3108499429,"Incrocio Savorgnan, 73 Appartamento 0 70020, Cassano Delle Murge (BA)",ausiliare,no,1,anestesia e rianimazione,no,13,no,20907,1400,0,22307
A00128,Paolo,Sbarbaro,1971-05-25,1,+39 3227519759,"Viale Monduzzi, 71 70027, Palo Del Colle (BA)",ausiliare,no,1,anestesia e rianimazione,no,29,no,20907,3500,0,24407
A00129,Mauro,Valier,1975-06-02,1,+39 3860783095,"Vicolo Amleto, 98 70017, Putignano (BA)",infermiere,laurea magistrale infermieristica,1,cardiologia,no,25,no,23653,5000,0,28653
A00130,Nanni,Lovato,1995-05-21,0,+39 3356917972,"Vicolo Alessia, 943 Piano 7 70013, Castellana Grotte (BA)",medico,laurea medicina,1,malattie dell'apparato respiratorio,Fisiopatologia respiratoria,5,incarico di responsabile di struttura complessa,45260,0,45702,90962
A00131,Eva,Pascarella,1963-04-05,0,+39 3511046139,"Via Molesini, 648 Piano 5 70020, Binetto (BA)",caposala,laurea magistrale infermieristica,1,neurologia,no,37,no,25675,8400,0,34075
A00132,Anita,Pepe,1972-11-05,0,+39 3127521403,"Via Guido, 6 Piano 9 70042, San Maderno (BA)",medico,laurea medicina,1,anestesia e rianimazione,Anestesiologia,28,incarico professionale,45260,0,24143,69403
A00133,Amleto,Carnera,1962-12-10,1,+39 3736853312,"Incrocio Pierina, 9 Appartamento 8 70127, Santo Spirito (BA)",medico,laurea medicina,1,cardiologia,Cardiologia e malattie dei vasi,38,incarico professionale,45260,0,24143,69403
A00134,Etta,Angeli,1961-01-14,0,+39 3621355603,"Borgo Battisti, 3 70044, Polignano A Mare (BA)",ausiliare,no,1,anestesia e rianimazione,no,39,no,20907,4200,0,25107
A00135,Clelia,Napolitano,1969-04-05,0,+39 3985087356,"Strada Mocenigo, 75 70125, Carrassi (BA)",infermiere,laurea scienze infermieristiche,0,anestesia e rianimazione,no,31,no,23653,6000,0,29653
A00136,Ludovico,Collina,1973-02-13,1,+39 3626749291,"Viale Sobrero, 5 70129, Loseto (BA)",infermiere,laurea scienze infermieristiche,0,nefrologia e dialisi,no,27,no,23653,5000,0,28653
A00137,Zaira,Barsanti,1994-06-14,0,+39 3812716663,"Rotonda Ajello, 59 70033, Corato (BA)",medico,laurea medicina,1,malattie dell'apparato respiratorio,Fisiopatologia respiratoria,6,incarico professionale,45260,0,24143,69403
A00138,Pina,Gibilisco,1986-11-30,0,+39 3686324441,"Rotonda Fioravanti, 7 Appartamento 3 70127, Santo Spirito (BA)",infermiere,laurea scienze infermieristiche,0,anestesia e rianimazione,no,14,no,23653,2000,0,25653
A00139,Daria,Gussoni,1973-08-10,0,+39 3349198618,"Rotonda Fallaci, 76 Piano 9 70122, Bari (BA)",infermiere,laurea scienze infermieristiche,0,cardiologia,no,27,no,23653,5000,0,28653
A00140,Gabriele,Passalacqua,1970-04-28,0,+39 3917132697,"Canale Ennio, 43 Appartamento 3 70100, Bari (BA)",ausiliare,no,1,nefrologia e dialisi,no,30,no,20907,4200,0,25107
A00141,Etta,Turrini,1977-05-20,0,+39 3083261546,"Borgo Schiavone, 3 Piano 4 70028, Sannicandro Di Bari (BA)",OSS,diploma operatore socio-sanitario,1,nefrologia e dialisi,no,23,no,22180,3200,0,25380
A00142,Dante,Casellati,1990-10-11,1,+39 3285875126,"Viale Ricci, 54 Piano 2 70011, Coreggia (BA)",infermiere,laurea scienze infermieristiche,1,anestesia e rianimazione,no,10,no,23653,2000,0,25653
A00143,Beatrice,Boiardo,1995-09-04,0,+39 3383767890,"Stretto Leopoldo, 955 Piano 7 70100, Bari (BA)",OSS,diploma operatore socio-sanitario,1,neurologia,no,5,no,22180,800,0,22980
A00144,Gaspare,Dellucci,1961-09-14,1,+39 3562706795,"Piazza Mantegazza, 14 70125, Carrassi (BA)",infermiere,laurea scienze infermieristiche,0,nefrologia e dialisi,no,39,no,23653,6000,0,29653
A00145,Ermenegildo,Asmundo,1990-08-15,1,+39 3229060358,"Canale Bulzoni, 82 Appartamento 33 70028, Sannicandro Di Bari (BA)",medico,laurea medicina,1,neurologia,Neurofisiologia clinica,10,incarico professionale,45260,0,24143,69403
A00146,Nicoletta,Canil,1969-07-06,0,+39 3394322335,"Incrocio Giacinto, 43 Appartamento 3 70127, Santo Spirito (BA)",infermiere,laurea scienze infermieristiche,0,cardiologia,no,31,no,23653,6000,0,29653
A00147,Agnolo,Lollobrigida,1984-05-11,1,+39 3228852067,"Borgo Spinola, 49 70043, Santa Lucia (BA)",medico,laurea medicina,1,anestesia e rianimazione,Anestesiologia,16,incarico professionale,45260,0,24143,69403
A00148,Sole,Traetta,1962-10-20,1,+39 3310301495,"Borgo Palmisano, 325 70128, Palese (BA)",OSS,diploma operatore socio-sanitario,1,anestesia e rianimazione,no,38,no,22180,4800,0,26980
A00149,Antonietta,Legnante,1962-08-24,0,+39 3998711861,"Strada Donati, 723 Appartamento 18 70010, Superga (BA)",OSS,diploma operatore socio-sanitario,1,neonatologia,no,38,no,22180,4800,0,26980
A00150,Raffaello,Pratesi,1956-02-14,1,+39 3424727836,"Piazza Maspero, 82 Appartamento 46 70127, Santo Spirito (BA)",infermiere,laurea scienze infermieristiche,0,anestesia e rianimazione,no,44,no,23653,6000,0,29653
A00151,Raffaellino,Pisaroni,1989-02-12,1,+39 3566400118,"Incrocio Roth, 9 70123, San Francesco Dell'Arena (BA)",OSS,diploma operatore socio-sanitario,1,nefrologia e dialisi,no,11,no,22180,1600,0,23780
A00152,Arturo,Conte,1961-02-11,1,+39 3398767696,"Canale Tresoldi, 68 70128, Palese (BA)",medico,laurea medicina,1,anestesia e rianimazione,Anestesiologia e rianimazione,39,incarico professionale,45260,0,24143,69403
A00153,Lidia,Casarin,1967-07-09,0,+39 3957517741,"Piazza Polani, 4 70122, Bari (BA)",infermiere,laurea scienze infermieristiche,0,anestesia e rianimazione,no,33,no,23653,6000,0,29653
A00154,Isabella,Totino,1976-09-06,0,+39 3012273524,"Rotonda Adamo, 285 Piano 5 70054, Giovinazzo (BA)",infermiere,laurea scienze infermieristiche,1,anestesia e rianimazione,no,24,no,23653,4000,0,27653
A00155,Amedeo,Bernardini,1979-01-30,1,+39 3801572309,"Vicolo Farina, 756 70123, Stanic (BA)",infermiere,laurea scienze infermieristiche,0,malattie dell'apparato respiratorio,no,21,no,23653,4000,0,27653
A00156,Alina,Cavanna,1989-05-22,0,+39 3976077603,"Strada Enzio, 57 70122, Bari (BA)",OSS,diploma operatore socio-sanitario,0,anestesia e rianimazione,no,11,no,22180,1600,0,23780
A00157,Fausto,Cusano,1971-03-04,1,+39 3291447087,"Stretto Zaccardo, 11 Piano 8 70131, Carbonara Di Bari (BA)",medico,laurea medicina,1,neonatologia,Patologia neonatale,29,incarico di responsabile di struttura semplice,45260,0,33333,78593
A00158,Guido,Terragni,1980-12-05,1,+39 3749097327,"Piazza Morandini, 7 Piano 0 70042, Cozze (BA)",medico,laurea medicina,1,cardiologia,Angiologia,20,incarico professionale,45260,0,24143,69403
A00159,Isabella,Scotti,1973-10-17,0,+39 3794808851,"Rotonda Galilei, 263 Piano 8 70018, Rutigliano (BA)",infermiere,laurea scienze infermieristiche,1,anestesia e rianimazione,no,27,no,23653,5000,0,28653
A00160,Nanni,Saraceno,1974-09-10,0,+39 3074552028,"Incrocio Caterina, 623 Appartamento 95 70123, Stanic (BA)",OSS,diploma operatore socio-sanitario,1,cardiologia,no,26,no,22180,4000,0,26180
A00161,Angelina,Tasso,1992-01-15,0,+39 3270977391,"Piazza Castellitto, 51 70043, Antonelli (BA)",medico,laurea medicina,1,cardiologia,Cardiologia e malattie dei vasi,8,incarico professionale,45260,0,24143,69403
A00162,Salvi,Catenazzi,1966-12-08,1,+39 3450349518,"Contrada Barracco, 154 70015, Noci (BA)",OSS,diploma operatore socio-sanitario,1,anestesia e rianimazione,no,34,no,22180,4800,0,26980
A00163,Luchino,Palombi,1983-11-20,1,+39 3576022425,"Contrada Antonello, 4 Piano 0 70019, Triggiano (BA)",OSS,diploma operatore socio-sanitario,1,anestesia e rianimazione,no,17,no,22180,2400,0,24580
A00164,Dante,Tirabassi,1994-03-20,1,+39 3548337372,"Viale Tassoni, 47 Appartamento 45 70129, Loseto (BA)",infermiere,laurea scienze infermieristiche,0,malattie dell'apparato respiratorio,no,6,no,23653,1000,0,24653
A00165,Donna,Guicciardini,1975-08-27,0,+39 3331941519,"Borgo Peano, 79 70124, Poggio Franco (BA)",infermiere,laurea scienze infermieristiche,0,nefrologia e dialisi,no,25,no,23653,5000,0,28653
A00166,Tiziana,Casellati,1984-09-26,0,+39 3710487460,"Viale Luisa, 538 Piano 1 70121, Bari (BA)",infermiere,laurea scienze infermieristiche,0,malattie dell'apparato respiratorio,no,16,no,23653,3000,0,26653
A00167,Antonina,Ortese,1981-09-09,0,+39 3636485518,"Borgo Cerutti, 1 70127, Santo Spirito (BA)",infermiere,laurea scienze infermieristiche,0,neurologia,no,19,no,23653,3000,0,26653
A00168,Gilberto,Notarbartolo,1991-12-17,1,+39 3305955029,"Contrada Tutino, 8 70024, Dolcecanto (BA)",medico,laurea medicina,0,neonatologia,Patologia neonatale,9,incarico professionale,45260,0,24143,69403
A00169,Vincentio,Salieri,1983-01-29,1,+39 3411589166,"Borgo Paride, 71 70054, Giovinazzo (BA)",infermiere,laurea scienze infermieristiche,1,neurologia,no,17,no,23653,3000,0,26653
A00170,Filippa,Capone,1991-02-12,0,+39 3878491178,"Viale Toni, 390 70131, Carbonara Di Bari (BA)",infermiere,laurea scienze infermieristiche,0,malattie dell'apparato respiratorio,no,9,no,23653,1000,0,24653
A00171,Grazia,Folliero,1991-03-13,0,+39 3246461368,"Strada Isa, 4 Appartamento 8 70129, Ceglie Del Campo (BA)",medico,laurea medicina,1,neonatologia,Patologia neonatale,9,incarico professionale,45260,0,24143,69403
A00172,Amleto,Piovani,1974-02-27,1,+39 3772844371,"Vicolo Magrassi, 60 Appartamento 86 70056, Molfetta (BA)",medico,laurea medicina,1,nefrologia e dialisi,Nefrologia medica,26,incarico professionale,45260,0,24143,69403
A00173,Orlando,Agostinelli,1967-02-27,1,+39 3753441885,"Vicolo Monteverdi, 32 Piano 7 70121, Bari (BA)",infermiere,laurea scienze infermieristiche,0,neurologia,no,33,no,23653,6000,0,29653
A00174,Giacomo,Cantimori,1980-09-22,1,+39 3436976407,"Stretto Gabba, 4 Piano 3 70128, Palese (BA)",infermiere,laurea scienze infermieristiche,0,nefrologia e dialisi,no,21,no,23653,4000,0,27653
A00175,Camilla,Pastine,1998-01-07,0,+39 3590007252,"Rotonda Marrone, 8 70025, Grumo Appula (BA)",infermiere,laurea scienze infermieristiche,1,neurologia,no,3,no,23653,0,0,23653
A00176,Bettina,Spinelli,1956-03-11,0,+39 3557283063,"Contrada Cipriano, 32 70129, Ceglie Del Campo (BA)",infermiere,laurea scienze infermieristiche,0,malattie dell'apparato respiratorio,no,44,no,23653,6000,0,29653
A00177,Anita,Missoni,1962-12-20,0,+39 3758905190,"Borgo Perozzo, 50 70124, Bari (BA)",OSS,diploma operatore socio-sanitario,1,neonatologia,no,38,no,22180,4800,0,26980
A00178,Enzo,Paoletti,1963-02-17,1,+39 3198798588,"Incrocio Giacobbe, 866 Appartamento 55 70123, Stanic (BA)",infermiere,laurea scienze infermieristiche,0,nefrologia e dialisi,no,37,no,23653,6000,0,29653
A00179,Gianpaolo,Nugnes,1993-12-13,1,+39 3293214848,"Stretto Guglielmi, 21 70056, Molfetta (BA)",infermiere,laurea scienze infermieristiche,1,neurologia,no,7,no,23653,1000,0,24653
A00180,Costanzo,Grassi,1988-02-01,1,+39 3098243862,"Canale Cristina, 344 70044, Polignano A Mare (BA)",OSS,diploma operatore socio-sanitario,1,anestesia e rianimazione,no,12,no,22180,1600,0,23780
A00181,Maurilio,Boccherini,1971-04-21,1,+39 3963309466,"Incrocio Matteo, 3 Piano 8 70054, Giovinazzo (BA)",caposala,laurea magistrale infermieristica,1,nefrologia e dialisi,no,29,no,25675,6000,0,31675
A00182,Puccio,Filzi,1957-11-30,1,+39 3162443783,"Stretto Mezzetta, 69 70126, Mungivacca (BA)",infermiere,laurea scienze infermieristiche,0,anestesia e rianimazione,no,43,no,23653,6000,0,29653
A00183,Ranieri,Ariosto,1994-03-28,1,+39 3632657952,"Via Venancio, 839 Appartamento 83 70126, Bari (BA)",infermiere,laurea scienze infermieristiche,0,malattie dell'apparato respiratorio,no,6,no,23653,1000,0,24653
A00184,Cecilia,Fracci,1970-02-12,0,+39 3796704579,"Incrocio Comisso, 39 70121, Bari (BA)",infermiere,laurea scienze infermieristiche,0,anestesia e rianimazione,no,30,no,23653,6000,0,29653
A00185,Ezio,Viviani,1965-01-16,1,+39 3427730883,"Canale Raffaele, 61 Appartamento 3 70126, Bari (BA)",medico,laurea medicina,1,anestesia e rianimazione,Anestesiologia e rianimazione,35,incarico professionale,45260,0,24143,69403
A00186,Tiziano,Pacelli,1967-04-17,1,+39 3474407297,"Borgo Monica, 49 70010, San Pietro (BA)",infermiere,laurea scienze infermieristiche,1,cardiologia,no,33,no,23653,6000,0,29653
A00187,Gian,Proietti,1965-12-09,1,+39 3402763018,"Contrada Frescobaldi, 981 70014, Triggianello (BA)",OSS,diploma operatore socio-sanitario,1,neurologia,no,35,no,22180,4800,0,26980
A00188,Gionata,Desio,1972-11-26,1,+39 3890524417,"Viale Sauli, 13 Appartamento 98 70011, Alberobello (BA)",OSS,diploma operatore socio-sanitario,1,anestesia e rianimazione,no,28,no,22180,4000,0,26180
A00189,Gianmarco,Cerutti,1975-08-04,1,+39 3650176765,"Via Mercantini, 912 70131, Carbonara Di Bari (BA)",medico,laurea medicina,1,cardiologia,Fisiopatologia cardiocircolatoria/ cardiovascolare,25,incarico professionale,45260,0,24143,69403
A00190,Antonella,Anguissola,1989-10-19,0,+39 3537560108,"Canale Stefano, 629 Appartamento 20 70043, Lamalunga (BA)",medico,laurea medicina,1,cardiologia,Cardioangiopatie,11,incarico professionale,45260,0,24143,69403
A00191,Michelangelo,Tarantino,1991-08-15,1,+39 3260970396,"Rotonda Gino, 6 70015, Noci (BA)",infermiere,laurea scienze infermieristiche,1,malattie dell'apparato respiratorio,no,9,no,23653,1000,0,24653
A00192,Lilla,Opizzi,1985-01-21,0,+39 3951310514,"Piazza Ivo, 5 Appartamento 5 70129, Loseto (BA)",infermiere,laurea scienze infermieristiche,0,cardiologia,no,15,no,23653,3000,0,26653
A00193,Annetta,Saraceno,1986-10-25,0,+39 3837796752,"Borgo Tirabassi, 58 70121, Bari (BA)",infermiere,laurea scienze infermieristiche,0,nefrologia e dialisi,no,14,no,23653,2000,0,25653
A00194,Amedeo,Marenzio,1990-10-24,1,+39 3706134327,"Canale Cutrufo, 952 70124, Poggio Franco (BA)",infermiere,laurea scienze infermieristiche,0,cardiologia,no,10,no,23653,2000,0,25653
A00195,Maurilio,Malaparte,1989-12-17,1,+39 3576955742,"Contrada Riccardi, 997 Appartamento 3 70014, Triggianello (BA)",infermiere,laurea scienze infermieristiche,1,cardiologia,no,11,no,23653,2000,0,25653
A00196,Rosalia,Navarria,1991-03-19,0,+39 3546440558,"Viale Liberto, 28 70128, Palese (BA)",infermiere,laurea scienze infermieristiche,0,malattie dell'apparato respiratorio,no,9,no,23653,1000,0,24653
A00197,Lodovico,Ossani,1976-03-26,1,+39 3857709651,"Incrocio Arnulfo, 20 70123, Stanic (BA)",infermiere,laurea scienze infermieristiche,0,anestesia e rianimazione,no,24,no,23653,4000,0,27653
A00198,Leopoldo,Boiardo,1957-11-10,1,+39 3378797730,"Strada Pierluigi, 6 70019, Triggiano (BA)",infermiere,laurea scienze infermieristiche,1,neurologia,no,43,no,23653,6000,0,29653
A00199,Enrico,Catenazzi,1999-04-27,1,+39 3784971253,"Vicolo Fibonacci, 7 Appartamento 9 70131, Carbonara Di Bari (BA)",medico,laurea medicina,1,neurologia,Semeiotica neurologica,1,incarico professionale,45260,0,24143,69403
A00200,Loredana,Almagia,1992-03-08,0,+39 3712023341,"Viale Gianni, 145 Piano 7 70033, Corato (BA)",infermiere,laurea scienze infermieristiche,1,cardiologia,no,8,no,23653,1000,0,24653
A00201,Lucio,Santorio,1971-11-13,1,+39 3839237081,"Vicolo Capone, 210 70121, Bari (BA)",infermiere,laurea scienze infermieristiche,0,neurologia,no,29,no,23653,5000,0,28653
A00202,Federica,Iannotti,1963-03-20,0,+39 3445555846,"Canale Tiziano, 94 70127, Santo Spirito (BA)",infermiere,laurea scienze infermieristiche,0,neonatologia,no,37,no,23653,6000,0,29653
A00203,Luigina,Castioni,1993-07-25,0,+39 3990566221,"Vicolo Iolanda, 91 Piano 5 70127, Santo Spirito (BA)",infermiere,laurea scienze infermieristiche,0,anestesia e rianimazione,no,7,no,23653,1000,0,24653
A00204,Irma,Luxardo,1983-05-09,0,+39 3019632343,"Via Franco, 74 Piano 0 70026, Modugno (BA)",OSS,diploma operatore socio-sanitario,1,neonatologia,no,17,no,22180,2400,0,24580
A00205,Beatrice,Vergerio,1979-01-13,0,+39 3010086626,"Viale Giustino, 938 70127, Santo Spirito (BA)",infermiere,laurea scienze infermieristiche,0,neonatologia,no,22,no,23653,4000,0,27653
A00206,Melina,Turrini,1996-11-22,0,+39 3574288471,"Via Barsanti, 94 70131, Carbonara Di Bari (BA)",infermiere,laurea scienze infermieristiche,0,nefrologia e dialisi,no,4,no,23653,0,0,23653
A00207,Galasso,Lucchesi,1959-12-20,1,+39 3078357851,"Contrada Serao, 27 70042, San Maderno (BA)",infermiere,laurea scienze infermieristiche,1,anestesia e rianimazione,no,41,no,23653,6000,0,29653
A00208,Concetta,Orlando,1974-08-06,0,+39 3846081832,"Canale Borsellino, 67 70127, Santo Spirito (BA)",infermiere,laurea scienze infermieristiche,0,neurologia,no,26,no,23653,5000,0,28653
A00209,Fiamma,Vezzali,1990-06-18,0,+39 3809213871,"Canale Vecellio, 14 70014, Triggianello (BA)",infermiere,laurea scienze infermieristiche,1,anestesia e rianimazione,no,10,no,23653,2000,0,25653
A00210,Delfino,Ajello,1970-01-06,1,+39 3646453187,"Incrocio Dina, 63 Piano 7 70029, Santeramo In Colle (BA)",medico,laurea medicina,0,anestesia e rianimazione,Anestesiologia,31,incarico professionale,45260,0,24143,69403
A00211,Michelangelo,Gianetti,1961-05-31,1,+39 3701392713,"Strada Fortunata, 142 70121, Bari (BA)",infermiere,laurea scienze infermieristiche,0,nefrologia e dialisi,no,39,no,23653,6000,0,29653
A00212,Valentina,Ferrante,1992-03-05,0,+39 3399811735,"Contrada Agnesi, 594 70131, Carbonara Di Bari (BA)",infermiere,laurea scienze infermieristiche,0,neonatologia,no,8,no,23653,1000,0,24653
A00213,Fabrizio,Offredi,1965-09-25,1,+39 3101793202,"Stretto Papafava, 88 70129, Loseto (BA)",infermiere,laurea scienze infermieristiche,0,malattie dell'apparato respiratorio,no,35,no,23653,6000,0,29653
A00214,Gianluigi,Mogherini,1989-02-26,1,+39 3389394268,"Via Iolanda, 886 70044, Polignano A Mare (BA)",medico,laurea medicina,1,malattie dell'apparato respiratorio,Tisiologia,11,incarico professionale,45260,0,24143,69403
A00215,Rossana,Lippomano,1989-05-27,0,+39 3516009320,"Piazza Gregorio, 7 70013, Castellana Grotte (BA)",infermiere,laurea scienze infermieristiche,1,cardiologia,no,11,no,23653,2000,0,25653
A00216,Massimo,Asmundo,1985-03-25,1,+39 3894637309,"Contrada Giampiero, 78 Appartamento 9 70131, Carbonara Di Bari (BA)",medico,laurea medicina,1,neonatologia,Patologia neonatale,15,incarico professionale,45260,0,24143,69403
A00217,Vincentio,Accardo,1982-07-27,1,+39 3831958133,"Viale Rensi, 458 70037, Ruvo Di Puglia (BA)",medico,laurea medicina,1,anestesia e rianimazione,Anestesiologia,18,incarico professionale,45260,0,24143,69403
A00218,Vittorio,Bello,1970-12-17,1,+39 3326993237,"Vicolo Beppe, 32 70124, Poggio Franco (BA)",medico,laurea medicina,0,neurologia,Neurofisiologia clinica,30,incarico di responsabile di struttura complessa,45260,0,45702,90962
A00219,Fiorino,Faggiani,1975-10-28,1,+39 3488978843,"Piazza Spallanzani, 88 Piano 2 70127, Santo Spirito (BA)",infermiere,laurea scienze infermieristiche,0,malattie dell'apparato respiratorio,no,25,no,23653,5000,0,28653
A00220,Alfio,Roth,1999-11-13,1,+39 3153239225,"Contrada Fantini, 86 Appartamento 9 70131, Carbonara Di Bari (BA)",infermiere,laurea scienze infermieristiche,0,cardiologia,no,1,no,23653,0,0,23653
A00221,Luciano,Manacorda,1987-11-27,1,+39 3519604395,"Rotonda Imelda, 677 70029, Santeramo In Colle (BA)",infermiere,laurea scienze infermieristiche,1,anestesia e rianimazione,no,13,no,23653,2000,0,25653
A00222,Eleanora,Tebaldi,1992-10-04,0,+39 3610240563,"Piazza Lazzaro, 2 Piano 2 70127, Santo Spirito (BA)",infermiere,laurea scienze infermieristiche,0,anestesia e rianimazione,no,8,no,23653,1000,0,24653
A00223,Tina,Borsellino,1965-08-25,0,+39 3748590323,"Canale Agnesi, 65 Piano 9 70020, Toritto (BA)",medico,laurea medicina,1,anestesia e rianimazione,Terapia del dolore,35,incarico professionale,45260,0,24143,69403
A00224,Amadeo,Monti,1980-12-07,1,+39 3370435408,"Borgo Olga, 8 70037, Ruvo Di Puglia (BA)",medico,laurea medicina,1,neurologia,Neurofisiologia clinica,20,incarico professionale,45260,0,24143,69403
A00225,Gabriele,Pinamonte,1977-10-08,0,+39 3781974445,"Stretto Manuel, 2 70124, Bari (BA)",ausiliare,no,1,cardiologia,no,23,no,20907,2800,0,23707
A00226,Greca,Agostini,1981-04-04,1,+39 3725332000,"Canale Fagiani, 44 Appartamento 2 70124, Bari (BA)",ausiliare,no,1,cardiologia,no,19,no,20907,2100,0,23007
A00227,Raffaella,Tozzo,1994-03-29,0,+39 3822212488,"Via Bruscantini, 58 Piano 7 70127, Santo Spirito (BA)",medico,laurea medicina,1,anestesia e rianimazione,Anestesiologia e rianimazione,6,incarico professionale,45260,0,24143,69403
A00228,Gaetano,Zecchini,1995-11-12,1,+39 3244004217,"Contrada Dellucci, 54 Appartamento 56 70020, Cassano Delle Murge (BA)",medico,laurea medicina,1,anestesia e rianimazione,Anestesiologia e rianimazione,5,incarico professionale,45260,0,24143,69403
A00229,Carla,Barillaro,1982-03-12,0,+39 3711247341,"Borgo Salandra, 12 70028, Sannicandro Di Bari (BA)",medico,laurea medicina,1,anestesia e rianimazione,Anestesiologia generale e speciale odontostomatologica,18,incarico professionale,45260,0,24143,69403
A00230,Lodovico,Barberini,1976-06-15,1,+39 3963422148,"Vicolo Fiamma, 56 70044, Polignano A Mare (BA)",OSS,diploma operatore socio-sanitario,1,anestesia e rianimazione,no,24,no,22180,3200,0,25380
A00231,Matilda,Mondaini,1968-09-18,0,+39 3055941583,"Borgo Ignazio, 99 Piano 7 70124, Bari (BA)",infermiere,laurea scienze infermieristiche,0,cardiologia,no,32,no,23653,6000,0,29653
A00232,Ivan,Baracca,1970-05-07,1,+39 3205171924,"Vicolo Fiamma, 6 70121, Bari (BA)",infermiere,laurea scienze infermieristiche,0,neurologia,no,30,no,23653,6000,0,29653
A00233,Ramona,Trentin,1968-09-09,0,+39 3655668376,"Contrada Borromeo, 936 70131, Carbonara Di Bari (BA)",infermiere,laurea scienze infermieristiche,0,neonatologia,no,32,no,23653,6000,0,29653
A00234,Guglielmo,Bocelli,1988-05-22,1,+39 3659217796,"Via Paola, 863 70027, Palo Del Colle (BA)",infermiere,laurea scienze infermieristiche,1,anestesia e rianimazione,no,12,no,23653,2000,0,25653
A00235,Graziella,Padovano,1985-11-24,0,+39 3498555316,"Strada Adriano, 145 Piano 1 70128, Palese (BA)",infermiere,laurea scienze infermieristiche,0,neurologia,no,15,no,23653,3000,0,26653
A00236,Antonella,Tebaldi,1975-01-01,0,+39 3561840759,"Incrocio Trillini, 99 Appartamento 5 70015, Lamadacqua (BA)",infermiere,laurea scienze infermieristiche,1,cardiologia,no,26,no,23653,5000,0,28653
A00237,Corrado,Chiesa,1975-01-29,1,+39 3088043260,"Strada Sagese, 36 Appartamento 3 70011, Coreggia (BA)",medico,laurea medicina,1,anestesia e rianimazione,Terapia del dolore,25,incarico professionale,45260,0,24143,69403
A00238,Elena,Baracca,1998-10-01,0,+39 3772950726,"Viale Ammaniti, 66 Piano 5 70123, Stanic (BA)",infermiere,laurea scienze infermieristiche,0,neonatologia,no,2,no,23653,0,0,23653
A00239,Vito,Pirandello,1982-08-11,1,+39 3746116905,"Contrada Gino, 5 Piano 2 70128, Palese (BA)",infermiere,laurea scienze infermieristiche,0,neurologia,no,18,no,23653,3000,0,26653
A00240,Etta,Salgari,1999-08-29,0,+39 3157203611,"Canale Amanda, 82 Appartamento 2 70100, Bari (BA)",ausiliare,no,1,nefrologia e dialisi,no,1,no,20907,0,0,20907
A00241,Silvia,Liverotti,1975-06-13,0,+39 3839993329,"Stretto Lollobrigida, 22 Appartamento 47 70121, Bari (BA)",infermiere,laurea scienze infermieristiche,0,anestesia e rianimazione,no,25,no,23653,5000,0,28653
A00242,Matilda,Garobbio,1993-04-09,0,+39 3179290708,"Rotonda Camilleri, 72 70122, Bari (BA)",medico,laurea medicina,1,anestesia e rianimazione,Anestesia,7,incarico professionale,45260,0,24143,69403
A00243,Gianpietro,Persico,1992-03-17,1,+39 3086068923,"Contrada Cuda, 1 70122, Bari (BA)",infermiere,laurea scienze infermieristiche,0,neurologia,no,8,no,23653,1000,0,24653
A00244,Licia,Zamengo,1961-02-24,0,+39 3604488001,"Strada Giada, 9 70126, Bari (BA)",infermiere,laurea scienze infermieristiche,0,cardiologia,no,39,no,23653,6000,0,29653
A00245,Margherita,Einaudi,1994-02-08,0,+39 3322785449,"Viale Tagliafierro, 39 Appartamento 8 70123, Bari (BA)",medico,laurea medicina,1,malattie dell'apparato respiratorio,Malattie dell’apparato respiratorio,6,incarico professionale,45260,0,24143,69403
A00246,Giada,Porcellato,1987-11-27,0,+39 3831149459,"Piazza Allegra, 96 Appartamento 1 70131, Carbonara Di Bari (BA)",infermiere,laurea scienze infermieristiche,0,neonatologia,no,13,no,23653,2000,0,25653
A00247,Raffaello,Garibaldi,1985-12-03,1,+39 3891556594,"Incrocio Giancarlo, 871 70021, Acquaviva Delle Fonti (BA)",medico,laurea medicina,1,anestesia e rianimazione,Terapia del dolore,15,incarico professionale,45260,0,24143,69403
A00248,Donatella,Esposito,1968-12-17,0,+39 3143028320,"Strada Sauro, 16 Piano 2 70123, Bari (BA)",infermiere,laurea scienze infermieristiche,0,malattie dell'apparato respiratorio,no,32,no,23653,6000,0,29653
A00249,Gaspare,Abba,1971-09-13,1,+39 3593113997,"Borgo Samele, 546 70123, San Francesco Dell'Arena (BA)",medico,laurea medicina,0,anestesia e rianimazione,Medicina subacquea ed iperbarica,29,incarico professionale,45260,0,24143,69403
A00250,Isa,Majewski,1978-04-14,0,+39 3436027124,"Vicolo Argenti, 620 70018, Rutigliano (BA)",medico,laurea medicina,1,malattie dell'apparato respiratorio,Malattie dell’apparato respiratorio,22,incarico di responsabile di struttura semplice,45260,0,33333,78593
A00251,Paloma,Vivaldi,1968-12-04,0,+39 3522644676,"Incrocio Puglisi, 58 70022, Curtaniello (BA)",medico,laurea medicina,1,anestesia e rianimazione,Anestesiologia e rianimazione,32,incarico di responsabile di struttura semplice,45260,0,33333,78593
A00252,Beatrice,Foconi,1998-05-15,0,+39 3775944893,"Incrocio Rolando, 230 70013, Castellana Grotte (BA)",medico,laurea medicina,1,anestesia e rianimazione,Anestesiologia rianimazione e terapia intensiva,2,incarico professionale,45260,0,24143,69403
A00253,Etta,Carriera,1973-03-07,0,+39 3856320129,"Borgo Pisaroni, 41 Appartamento 7 70019, Triggiano (BA)",infermiere,laurea scienze infermieristiche,1,cardiologia,no,27,no,23653,5000,0,28653
A00254,Ubaldo,Morricone,1959-06-25,1,+39 3455850350,"Via Filippini, 3 Piano 3 70024, Dolcecanto (BA)",medico,laurea medicina,1,neonatologia,Patologia neonatale,41,incarico professionale,45260,0,24143,69403
A00255,Ricciotti,Lamborghini,1991-10-04,1,+39 3871628140,"Viale Luigina, 9 Piano 0 70122, Bari (BA)",OSS,diploma operatore socio-sanitario,1,anestesia e rianimazione,no,9,no,22180,800,0,22980
A00256,Carlo,Trincavelli,1988-11-30,1,+39 3178233517,"Via Scarfoglio, 4 Piano 8 70122, Bari (BA)",medico,laurea medicina,1,anestesia e rianimazione,Anestesiologia e rianimazione,12,incarico professionale,45260,0,24143,69403
A00257,Valentina,Molesini,1964-08-26,0,+39 3080988319,"Vicolo Benedetti, 36 70027, Palo Del Colle (BA)",OSS,diploma operatore socio-sanitario,1,neurologia,no,36,no,22180,4800,0,26980
A00258,Gustavo,Bartoli,1960-01-28,1,+39 3460507206,"Piazza Atenulf, 568 Piano 6 70056, Molfetta (BA)",infermiere,laurea scienze infermieristiche,1,anestesia e rianimazione,no,40,no,23653,6000,0,29653
A00259,Rossana,Munari,1967-05-21,0,+39 3610411435,"Viale Gradenigo, 20 Piano 5 70027, Palo Del Colle (BA)",infermiere,laurea scienze infermieristiche,1,anestesia e rianimazione,no,33,no,23653,6000,0,29653
A00260,Nedda,Molesini,1982-01-18,0,+39 3348518452,"Strada Marzorati, 7 Piano 2 70028, Sannicandro Di Bari (BA)",ausiliare,no,1,anestesia e rianimazione,no,18,no,20907,2100,0,23007
A00261,Aurora,Broggini,1957-05-02,0,+39 3761012813,"Borgo Ippazio, 3 Piano 7 70038, Terlizzi (BA)",medico,laurea medicina,1,neurologia,Semeiotica neurologica,43,incarico professionale,45260,0,24143,69403
A00262,Federica,Pastine,1958-12-01,0,+39 3494011137,"Stretto Ubaldo, 959 Appartamento 6 70124, Bari (BA)",infermiere,laurea scienze infermieristiche,0,neonatologia,no,42,no,23653,6000,0,29653
A00263,Alessia,Cantimori,1991-05-12,0,+39 3601528756,"Via Eva, 57 Appartamento 9 70123, San Francesco Dell'Arena (BA)",infermiere,laurea scienze infermieristiche,0,nefrologia e dialisi,no,9,no,23653,1000,0,24653
A00264,Allegra,Manzoni,1999-08-11,0,+39 3952151192,"Rotonda Bandello, 69 70028, Sannicandro Di Bari (BA)",OSS,diploma operatore socio-sanitario,1,cardiologia,no,1,no,22180,0,0,22180
A00265,Angelica,Boezio,1968-04-17,0,+39 3117332461,"Rotonda Eraldo, 667 Appartamento 8 70122, Bari (BA)",infermiere,laurea scienze infermieristiche,0,nefrologia e dialisi,no,32,no,23653,6000,0,29653
A00266,Benvenuto,Balotelli,1975-10-17,1,+39 3225429968,"Rotonda Canali, 813 70043, Santa Lucia (BA)",medico,laurea medicina,0,anestesia e rianimazione,Anestesia,25,incarico professionale,45260,0,24143,69403
A00267,Fausto,Malatesta,1964-01-21,1,+39 3538993790,"Vicolo Flora, 1 70033, Corato (BA)",ausiliare,no,1,cardiologia,no,36,no,20907,4200,0,25107
A00268,Martino,Canali,1971-05-18,1,+39 3972054011,"Via Valeria, 255 70015, Noci (BA)",infermiere,laurea scienze infermieristiche,1,cardiologia,no,29,no,23653,5000,0,28653
A00269,Ivan,Visintini,1961-01-29,1,+39 3252576757,"Canale Bertolucci, 84 70042, Cozze (BA)",infermiere,laurea scienze infermieristiche,1,neurologia,no,39,no,23653,6000,0,29653
A00270,Iolanda,Pavarotti,1993-11-22,0,+39 3665396282,"Canale Mirco, 87 Appartamento 4 70032, Palombaio (BA)",infermiere,laurea scienze infermieristiche,1,neurologia,no,7,no,23653,1000,0,24653
A00271,Dario,Borroni,1996-06-13,1,+39 3814459358,"Viale Grasso, 36 70027, Palo Del Colle (BA)",infermiere,laurea scienze infermieristiche,1,anestesia e rianimazione,no,4,no,23653,0,0,23653
A00272,Fausto,Piacentini,1999-04-21,1,+39 3776491986,"Incrocio Mondadori, 6 70056, Molfetta (BA)",medico,laurea medicina,1,neonatologia,Terapia intensiva neonatale,1,incarico professionale,45260,0,24143,69403
A00273,Gelsomina,Capuana,1958-05-11,0,+39 3592040670,"Stretto Fabrizi, 5 Appartamento 49 70044, Polignano A Mare (BA)",infermiere,laurea scienze infermieristiche,1,cardiologia,no,42,no,23653,6000,0,29653
A00274,Pietro,Tamborini,1981-09-10,1,+39 3932836230,"Vicolo Tullio, 18 70024, La Murgetta (BA)",OSS,diploma operatore socio-sanitario,1,anestesia e rianimazione,no,19,no,22180,2400,0,24580
A00275,Roberta,Vianello,1958-01-28,0,+39 3008275386,"Via Porcellato, 20 Piano 5 70127, Santo Spirito (BA)",medico,laurea medicina,1,nefrologia e dialisi,Nefrologia e dialisi,42,incarico professionale,45260,0,24143,69403
A00276,Massimo,Ciampi,1993-06-16,1,+39 3959093823,"Incrocio Vigliotti, 154 70025, Grumo Appula (BA)",ausiliare,no,0,cardiologia,no,7,no,20907,700,0,21607
A00277,Rocco,Ceci,1976-01-08,1,+39 3433544485,"Borgo Atenulf, 341 70018, Rutigliano (BA)",ausiliare,no,1,cardiologia,no,25,no,20907,3500,0,24407
A00278,Maurilio,Verri,1969-02-06,1,+39 3498785841,"Rotonda Teresa, 675 70033, 70121, Bari (BA)",infermiere,laurea scienze infermieristiche,0,anestesia e rianimazione,no,31,no,23653,6000,0,29653
A00279,Silvestro,Bianchini,1983-08-14,1,+39 3785026888,"Borgo Mattarella, 59 70033, Corato (BA)",infermiere,laurea magistrale infermieristica,1,anestesia e rianimazione,no,17,no,23653,3000,0,26653
A00280,Melissa,Caccianemico,1994-07-01,0,+39 3300612823,"Piazza Ferragni, 239 70129, Ceglie Del Campo (BA)",infermiere,laurea scienze infermieristiche,0,cardiologia,no,6,no,23653,1000,0,24653
A00281,Marisa,Sauro,1971-01-15,0,+39 3833944098,"Rotonda Contrafatto, 280 Piano 7 70128, Palese (BA)",infermiere,laurea scienze infermieristiche,0,malattie dell'apparato respiratorio,no,29,no,23653,5000,0,28653 
A00282,Federico,Doria,1958-05-12,1,+39 3915475848,"Canale Adelmo, 2 70038, Terlizzi (BA)",medico,laurea medicina,1,anestesia e rianimazione,Terapia del dolore,42,incarico professionale,45260,0,24143,69403 
A00283,Rosalia,Brambilla,1999-04-13,0,+39 3204207921,"Contrada Lombardo, 3 Piano 5 70029, Santeramo In Colle (BA)",infermiere,laurea scienze infermieristiche,1,anestesia e rianimazione,no,1,no,23653,0,0,23653
A00284,Elladio,Verga,1999-12-10,1,+39 3104628512,"Viale Benvenuto, 49 70016, Parchitello (BA)",medico,laurea medicina,1,neurologia,Semeiotica neurologica,1,incarico di responsabile di struttura semplice,45260,0,33333,78593
A00285,Baldassare,Morellato,1964-04-30,1,+39 3034097440,"Vicolo Ferrazzi, 59 Piano 8 70129, Ceglie Del Campo (BA)",OSS,diploma operatore socio-sanitario,0,anestesia e rianimazione,no,36,no,22180,4800,0,26980
A00286,Pierangelo,Anguissola,1958-11-28,1,+39 3758371530,"Rotonda Chittolini, 42 Piano 6 70043, Lamalunga (BA)",infermiere,laurea magistrale infermieristica,1,malattie dell'apparato respiratorio,no,42,no,23653,6000,0,29653
A00287,Rosaria,Carosone,1981-01-19,0,+39 3277817225,"Strada Adele, 7 Appartamento 84 70016, Parchitello (BA)",medico,laurea medicina,1,anestesia e rianimazione,Anestesiologia,19,incarico professionale,45260,0,24143,69403
A00288,Gastone,Monduzzi,1988-10-03,1,+39 3318993533,"Incrocio Gianfrancesco, 97 Appartamento 73 70023, Murgia (BA)",medico,laurea medicina,1,cardiologia,Cardioangiopatie,12,incarico di responsabile di struttura complessa,45260,0,45702,90962
A00289,Aldo,Borsiere,1977-12-13,1,+39 3284552202,"Via Maurilio, 0 Appartamento 11 70129, Ceglie Del Campo (BA)",infermiere,laurea scienze infermieristiche,0,malattie dell'apparato respiratorio,no,23,no,23653,4000,0,27653
A00290,Michela,Camuccini,1967-02-10,0,+39 3451602693,"Viale Barracco, 74 70122, Bari (BA)",infermiere,laurea scienze infermieristiche,0,neonatologia,no,33,no,23653,6000,0,29653
A00291,Michelotto,Falier,1977-01-25,1,+39 3755526757,"Viale Vito, 714 70127, Santo Spirito (BA)",infermiere,laurea scienze infermieristiche,0,anestesia e rianimazione,no,23,no,23653,4000,0,27653
A00292,Gemma,Tartini,1969-11-20,0,+39 3579364165,"Strada Beppe, 777 Appartamento 6 70017, San Michele In Monte Laureto (BA)",OSS,diploma operatore socio-sanitario,1,anestesia e rianimazione,no,31,no,22180,4800,0,26980
A00293,Pina,Marsili,1985-10-06,0,+39 3506648417,"Vicolo Scandone, 774 Piano 2 70056, Molfetta (BA)",medico,laurea medicina,1,neonatologia,Terapia intensiva neonatale,15,incarico professionale,45260,0,24143,69403
A00294,Olga,Satriani,1970-03-08,0,+39 3493876024,"Stretto Ceci, 13 70124, Bari (BA)",OSS,diploma operatore socio-sanitario,1,anestesia e rianimazione,no,30,no,22180,4800,0,26980
A00295,Eva,Roccabonella,1994-02-17,0,+39 3457423033,"Via Asmundo, 62 70126, Bari (BA)",infermiere,laurea scienze infermieristiche,0,neonatologia,no,6,no,23653,1000,0,24653
A00296,Griselda,Antonucci,1956-02-24,0,+39 3889938453,"Via Coriolano, 74 Piano 6 70044, Polignano A Mare (BA)",infermiere,laurea scienze infermieristiche,1,anestesia e rianimazione,no,44,no,23653,6000,0,29653
A00297,Regina,Giovine,1999-04-17,0,+39 3704931687,"Rotonda Rizzoli, 1 Appartamento 2 70129, Ceglie Del Campo (BA)",infermiere,laurea scienze infermieristiche,0,neonatologia,no,1,no,23653,0,0,23653
A00298,Nico,Gonzaga,1982-01-08,1,+39 3417508306,"Viale Ritacca, 884 70020, Cassano Delle Murge (BA)",OSS,diploma operatore socio-sanitario,1,neonatologia,no,19,no,22180,2400,0,24580
A00299,Tiziana,Santorio,1997-11-18,0,+39 3735028173,"Contrada Galiazzo, 78 70017, San Pietro Piturno (BA)",medico,laurea medicina,1,anestesia e rianimazione,Terapia intensiva,3,incarico professionale,45260,0,24143,69403
A00300,Renzo,Manzoni,1960-06-22,1,+39 3385167614,"Viale Melissa, 0 Piano 1 70131, Carbonara Di Bari (BA)",infermiere,laurea scienze infermieristiche,0,neurologia,no,40,no,23653,6000,0,29653
A00301,Roberta,Jovinelli,1962-02-18,0,+39 3009018943,"Viale Paolo, 757 70121, Bari (BA)",infermiere,laurea scienze infermieristiche,0,cardiologia,no,38,no,23653,6000,0,29653
A00302,Adelasia,Capecchi,1973-01-20,1,+39 3917207924,"Incrocio Sandro, 26 70024, Dolcecanto (BA)",infermiere,laurea scienze infermieristiche,1,anestesia e rianimazione,no,27,no,23653,5000,0,28653
A00303,Nedda,Pistoletto,1977-03-20,0,+39 3842497851,"Rotonda Ottone, 630 Appartamento 83 70033, Corato (BA)",OSS,diploma operatore socio-sanitario,1,nefrologia e dialisi,no,23,no,22180,3200,0,25380
A00304,Bernardo,Antelami,1998-04-01,1,+39 3640294438,"Piazza Serraglio, 19 Piano 4 70121, Bari (BA)",infermiere,laurea scienze infermieristiche,0,malattie dell'apparato respiratorio,no,2,no,23653,0,0,23653
A00305,Bettina,Broggini,1983-03-26,0,+39 3450291288,"Strada Silvia, 3 70043, Antonelli (BA)",ausiliare,no,1,nefrologia e dialisi,no,17,no,20907,2100,0,23007 
A00306,Michelangelo,Lussu,1977-04-29,1,+39 3484882338,"Vicolo Brunelleschi, 947 Appartamento 0 70018, Rutigliano (BA)",medico,laurea medicina,1,malattie dell'apparato respiratorio,Malattie Infettive,23,incarico professionale,45260,0,24143,69403
A00307,Sole,Ovadia,1961-08-12,1,+39 3506907475,"Viale Sergius, 2 70129, Ceglie Del Campo (BA)",infermiere,laurea scienze infermieristiche,0,anestesia e rianimazione,no,39,no,23653,6000,0,29653
A00308,Vito,Ferragni,1983-06-13,1,+39 3260178748,"Via Respighi, 86 70024, Gravina In Puglia (BA)",ausiliare,no,1,neonatologia,no,17,no,20907,2100,0,23007
A00309,Cassandra,Moccia,1984-01-26,0,+39 3842982009,"Incrocio Marta, 52 Piano 7 70131, Carbonara Di Bari (BA)",infermiere,laurea scienze infermieristiche,0,neurologia,no,16,no,23653,3000,0,26653
A00310,Greca,Cignaroli,1989-09-15,1,+39 3430061597,"Stretto Stefania, 3 Piano 6 70123, Bari (BA)",medico,laurea medicina,1,malattie dell'apparato respiratorio,Malattie dell’apparato respiratorio,11,incarico professionale,45260,0,24143,69403
A00311,Piergiorgio,Tutino,1959-12-16,1,+39 3873988058,"Incrocio Dolores, 213 Piano 2 70127, Santo Spirito (BA)",ausiliare,no,1,nefrologia e dialisi,no,41,no,20907,4200,0,25107
A00312,Orazio,Tropea,1960-05-19,1,+39 3792810196,"Vicolo Mauro, 36 70123, San Francesco Dell'Arena (BA)",infermiere,laurea scienze infermieristiche,0,malattie dell'apparato respiratorio,no,40,no,23653,6000,0,29653
A00313,Melania,Pincherle,1967-05-10,0,+39 3739646650,"Piazza Nino, 48 Piano 7 70126, Bari (BA)",infermiere,laurea scienze infermieristiche,0,neonatologia,no,33,no,23653,6000,0,29653
A00314,Pompeo,Procacci,1985-05-04,1,+39 3698207805,"Contrada Ranieri, 0 Piano 7 70123, San Francesco Dell'Arena (BA)",medico,laurea medicina,1,malattie dell'apparato respiratorio,Fisiopatologia respiratoria,15,incarico professionale,45260,0,24143,69403
A00315,Paola,Luria,1979-08-30,0,+39 3081119546,"Via Leonardo, 9 70014, Triggianello (BA)",ausiliare,no,1,neurologia,no,21,no,20907,2800,0,23707
A00316,Elmo,Salgari,1991-01-21,1,+39 3376567579,"Vicolo Ermenegildo, 15 70124, Poggio Franco (BA)",infermiere,laurea scienze infermieristiche,0,neurologia,no,9,no,23653,1000,0,24653
A00317,Pier,Rensi,1980-06-27,1,+39 3138282384,"Borgo Munari, 67 Piano 6 70124, Bari (BA)",infermiere,laurea scienze infermieristiche,0,anestesia e rianimazione,no,21,no,23653,4000,0,27653
A00318,Daniela,Littizzetto,1975-06-02,0,+39 3751584488,"Canale Onio, 1 Piano 1 70100, Bari (BA)",infermiere,laurea scienze infermieristiche,0,neonatologia,no,25,no,23653,5000,0,28653
A00319,Federica,Ubaldi,1992-07-02,0,+39 3634920673,"Borgo Interminei, 41 70131, Carbonara Di Bari (BA)",OSS,diploma operatore socio-sanitario,1,anestesia e rianimazione,no,8,no,22180,800,0,22980
A00320,Valeria,Bersani,1998-11-01,0,+39 3308263837,"Strada Morandini, 31 70029, Santeramo In Colle (BA)",caposala,laurea magistrale infermieristica,1,neonatologia,no,2,no,25675,0,0,25675
A00321,Michela,Dona,1959-11-10,0,+39 3733853387,"Piazza Luchino, 42 Piano 4 70121, Bari (BA)",infermiere,laurea scienze infermieristiche,0,neurologia,no,41,no,23653,6000,0,29653
A00322,Piergiorgio,Ciampi,1959-07-14,1,+39 3851473915,"Via Simonetta, 463 Piano 2 70124, Bari (BA)",infermiere,laurea scienze infermieristiche,0,cardiologia,no,41,no,23653,6000,0,29653
A00323,Patrizio,Grassi,1958-10-02,1,+39 3819721971,"Viale Lombardo, 61 70122, Bari (BA)",infermiere,laurea scienze infermieristiche,0,nefrologia e dialisi,no,42,no,23653,6000,0,29653
A00324,Rosina,Gori,1999-09-28,0,+39 3580057944,"Canale Virginia, 38 70124, Poggio Franco (BA)",infermiere,laurea scienze infermieristiche,0,malattie dell'apparato respiratorio,no,1,no,23653,0,0,23653
A00325,Danilo,Trillini,1969-09-02,1,+39 3824139020,"Vicolo Saverio, 14 Appartamento 82 70014, Conversano (BA)",infermiere,laurea scienze infermieristiche,1,anestesia e rianimazione,no,31,no,23653,6000,0,29653
A00326,Isabella,Modiano,1968-04-02,0,+39 3700579505,"Rotonda Ignazio, 278 Piano 8 70037, Ruvo Di Puglia (BA)",infermiere,laurea scienze infermieristiche,1,anestesia e rianimazione,no,32,no,23653,6000,0,29653
A00327,Elisa,Balbo,1972-11-01,0,+39 3842555782,"Rotonda Metella, 22 70038, Terlizzi (BA)",medico,laurea medicina,1,anestesia e rianimazione,Anestesiologia,28,incarico di responsabile di struttura semplice,45260,0,33333,78593
A00328,Gionata,Amaldi,1987-02-13,1,+39 3198886578,"Strada Spanevello, 57 70124, 70131, Carbonara Di Bari (BA)",infermiere,laurea scienze infermieristiche,0,nefrologia e dialisi,no,13,no,23653,2000,0,25653
A00329,Imelda,Contarini,1979-12-15,0,+39 3986061096,"Incrocio Finetti, 567 Appartamento 1 70043, Impalata (BA)",medico,laurea medicina,1,neurologia,Terapia neurologica,21,incarico professionale,45260,0,24143,69403
A00330,Ronaldo,Galilei,1958-12-13,1,+39 3775208079,"Stretto Tanzini, 2 Piano 1 70127, Santo Spirito (BA)",infermiere,laurea scienze infermieristiche,0,anestesia e rianimazione,no,42,no,23653,6000,0,29653
A00331,Donatella,Bramante,1989-08-26,0,+39 3129801334,"Borgo Ughi, 191 70016, Noicattaro (BA)",infermiere,laurea scienze infermieristiche,1,neurologia,no,11,no,23653,2000,0,25653
A00332,Fernanda,Quasimodo,1972-01-25,0,+39 3170745093,"Contrada Gioachino, 87 70122, Bari (BA)",OSS,diploma operatore socio-sanitario,1,anestesia e rianimazione,no,28,no,22180,4000,0,26180
A00333,Marcantonio,Cerquiglini,1967-10-22,1,+39 3992929350,"Borgo Pier, 174 Appartamento 83 70124, Bari (BA)",medico,laurea medicina,1,neurologia,Terapia neurologica,33,incarico professionale,45260,0,24143,69403
A00334,Lilla,Corcos,1966-11-16,0,+39 3525763931,"Vicolo Giacinto, 13 Piano 9 70026, Modugno (BA)",infermiere,laurea scienze infermieristiche,1,neurologia,no,34,no,23653,6000,0,29653
A00335,Temistocle,Tamburello,1976-10-07,1,+39 3682457555,"Piazza Pierina, 87 Appartamento 9 70129, Ceglie Del Campo (BA)",infermiere,laurea scienze infermieristiche,0,malattie dell'apparato respiratorio,no,24,no,23653,4000,0,27653
A00336,Damiano,Battelli,1969-06-12,1,+39 3119237052,"Contrada Respighi, 596 Appartamento 91 70127, Santo Spirito (BA)",infermiere,laurea scienze infermieristiche,0,neurologia,no,31,no,23653,6000,0,29653
A00337,Stefano,Ravaglioli,1987-01-13,1,+39 3321371565,"Borgo Bova, 8 70022, Altamura (BA)",medico,laurea medicina,1,neonatologia,Terapia intensiva neonatale,14,incarico professionale,45260,0,24143,69403
A00338,Piero,Pennetta,1956-09-11,1,+39 3139917846,"Contrada Brunello, 3 70100, Bari (BA)",infermiere,laurea scienze infermieristiche,0,nefrologia e dialisi,no,44,no,23653,6000,0,29653
A00339,Raffaele,Grassi,1986-06-03,1,+39 3864619325,"Canale Ruggero, 98 70128, Palese (BA)",infermiere,laurea scienze infermieristiche,0,cardiologia,no,14,no,23653,2000,0,25653
A00340,Ida,Rocca,1987-11-19,0,+39 3305508206,"Strada Alberto, 3 Appartamento 85 70127, Santo Spirito (BA)",infermiere,laurea scienze infermieristiche,0,nefrologia e dialisi,no,13,no,23653,2000,0,25653
A00341,Vincentio,Basadonna,1970-03-11,1,+39 3288930068,"Contrada Vincentio, 678 70121, Bari (BA)",medico,laurea medicina,0,neurologia,Neurofisiologia clinica,30,incarico professionale,45260,0,24143,69403
A00342,Marcantonio,Filzi,1977-03-11,1,+39 3378595603,"Stretto Morandini, 49 Piano 4 70122, Bari (BA)",infermiere,laurea scienze infermieristiche,0,nefrologia e dialisi,no,17,no,23653,4000,0,27653
A00343,Giulio,Pavanello,1980-08-16,1,+39 3252697910,"Via Guglielmo, 71 70056, Molfetta (BA)",OSS,diploma operatore socio-sanitario,1,cardiologia,no,20,no,22180,3200,0,25380
A00344,Paola,Cuomo,1981-06-07,0,+39 3092932356,"Borgo Laura, 20 Piano 3 70011, Coreggia (BA)",ausiliare,no,1,nefrologia e dialisi,no,19,no,20907,2100,0,23007
A00345,Fortunata,Bompiani,1969-06-06,0,+39 3386058279,"Canale Respighi, 37 70027, Palo Del Colle (BA)",infermiere,laurea scienze infermieristiche,1,anestesia e rianimazione,no,31,no,23653,6000,0,29653
A00346,Rita,Duodo,1990-02-22,0,+39 3733793818,"Stretto Balotelli, 172 70021, Acquaviva Delle Fonti (BA)",infermiere,laurea scienze infermieristiche,1,cardiologia,no,10,no,23653,2000,0,25653
A00347,Cristina,Calvo,1964-11-20,0,+39 3801623230,"Stretto Antonetti, 77 Appartamento 24 70019, Triggiano (BA)",medico,laurea medicina,1,cardiologia,Cardiologia e malattie dei vasi,36,incarico professionale,45260,0,24143,69403
A00348,Gioachino,Nitto,1958-03-16,1,+39 3920582864,"Borgo Montanariello, 280 Appartamento 2 70129, Ceglie Del Campo (BA)",infermiere,laurea scienze infermieristiche,0,cardiologia,no,42,no,23653,6000,0,29653
A00349,Antonia,Pennetta,1980-10-30,0,+39 3323057227,"Vicolo Mondadori, 439 Appartamento 7 70121, Bari (BA)",infermiere,laurea scienze infermieristiche,0,anestesia e rianimazione,no,25,no,23653,4000,0,27653
A00350,Ursula,Squarcione,1977-02-24,0,+39 3175577302,"Incrocio Marini, 95 Piano 9 70126, Bari (BA)",infermiere,laurea scienze infermieristiche,0,neonatologia,no,23,no,23653,4000,0,27653
A00351,Atenulf,Pausini,1997-09-19,1,+39 3099354467,"Via Fattori, 0 70127, Santo Spirito (BA)",medico,laurea medicina,1,anestesia e rianimazione,Terapia intensiva,3,incarico professionale,45260,0,24143,69403
A00352,Maurizio,Mortati,1993-08-31,1,+39 3566098941,"Contrada Edoardo, 91 Piano 5 70127, Santo Spirito (BA)",infermiere,laurea scienze infermieristiche,0,malattie dell'apparato respiratorio,no,7,no,23653,1000,0,24653
A00353,Giorgia,Civaschi,1980-08-10,0,+39 3965960950,"Incrocio Napoleone, 91 70129, Loseto (BA)",medico,laurea medicina,1,nefrologia e dialisi,Nefrologia medica,20,incarico professionale,45260,0,24143,69403
A00354,Pierina,Zoppetti,1999-07-03,0,+39 3201670643,"Vicolo Oreste, 20 70042, San Maderno (BA)",OSS,diploma operatore socio-sanitario,1,anestesia e rianimazione,no,1,no,22180,0,0,22180
A00355,Carla,Casadei,1989-09-19,0,+39 3867231965,"Borgo Nico, 91 70100, Bari (BA)",ausiliare,no,1,cardiologia,no,11,no,20907,1400,0,22307
A00356,Romina,Renault,1985-10-22,0,+39 3348692243,"Borgo Forza, 21 70122, Bari (BA)",infermiere,laurea scienze infermieristiche,0,neurologia,no,15,no,23653,3000,0,26653
A00357,Filippo,Bragaglia,1980-03-09,1,+39 3179452548,"Borgo Lucciano, 60 70128, Palese (BA)",infermiere,laurea scienze infermieristiche,0,anestesia e rianimazione,no,22,no,23653,4000,0,27653
A00358,Ludovica,Treccani,1982-08-14,0,+39 3530123293,"Contrada Silvia, 30 Appartamento 58 70121, Bari (BA)",infermiere,laurea scienze infermieristiche,0,anestesia e rianimazione,no,18,no,23653,3000,0,26653
A00359,Sole,Romagnoli,1974-07-29,1,+39 3694378973,"Via Gaito, 5 70019, Triggiano (BA)",infermiere,laurea scienze infermieristiche,1,neurologia,no,26,no,23653,5000,0,28653
A00360,Silvia,Bignardi,1956-06-22,0,+39 3553473505,"Piazza Daniele, 46 70128, Palese (BA)",infermiere,laurea scienze infermieristiche,0,nefrologia e dialisi,no,14,no,23653,6000,0,29653
A00361,Piermaria,Casellati,1991-12-11,0,+39 3004444632,"Piazza Ivo, 664 70015, Noci (BA)",medico,laurea medicina,1,neurologia,Neurofisiologia clinica,9,incarico professionale,45260,0,24143,69403
A00362,Sylvia,Montessori,1969-11-06,0,+39 3580879727,"Canale Varano, 20 Appartamento 21 70011, Coreggia (BA)",infermiere,laurea scienze infermieristiche,1,anestesia e rianimazione,no,31,no,23653,6000,0,29653
A00363,Piersanti,Farina,1997-10-24,1,+39 3231743298,"Contrada Maffei, 4 Piano 1 70100, Bari (BA)",infermiere,laurea scienze infermieristiche,1,cardiologia,no,3,no,23653,0,0,23653
A00364,Michele,Bergoglio,1958-08-04,0,+39 3124757620,"Piazza Valmarana, 134 Appartamento 2 70042, Mola Di Bari (BA)",infermiere,laurea scienze infermieristiche,1,cardiologia,no,42,no,23653,6000,0,29653
A00365,Raffaella,Valentino,1959-06-08,0,+39 3603556916,"Vicolo Parpinel, 6 Appartamento 17 70128, Palese (BA)",ausiliare,no,1,neurologia,no,41,no,20907,4200,0,25107
A00366,Amadeo,Rossellini,1991-03-19,1,+39 3386067337,"Vicolo Cagnotto, 39 70121, Bari (BA)",infermiere,laurea scienze infermieristiche,0,neurologia,no,9,no,23653,1000,0,24653
A00367,Adele,Canali,1982-01-28,0,+39 3744272398,"Stretto Morandi, 9 70014, Conversano (BA)",medico,laurea medicina,1,neonatologia,Terapia intensiva neonatale,18,incarico professionale,45260,0,24143,69403
A00368,Salvi,Caffarelli,1968-04-28,1,+39 3581129113,"Canale Antonino, 21 70129, Ceglie Del Campo (BA)",infermiere,laurea scienze infermieristiche,1,malattie dell'apparato respiratorio,no,32,no,23653,6000,0,29653
A00369,Maria,Sagredo,1981-10-23,0,+39 3348537562,"Strada Navone, 62 Piano 4 70029, Santeramo In Colle (BA)",medico,laurea medicina,1,anestesia e rianimazione,Terapia intensiva,19,incarico professionale,45260,0,24143,69403
A00370,Fiamma,Gaggini,1993-04-19,0,+39 3447165015,"Viale Grassi, 95 70124, Bari (BA)",medico,laurea medicina,1,malattie dell'apparato respiratorio,Fisiopatologia respiratoria,7,incarico professionale,45260,0,24143,69403
A00371,Letizia,Puglisi,1981-09-14,0,+39 3790110207,"Viale Almagia, 68 Appartamento 65 70018, Rutigliano (BA)",medico,laurea medicina,1,neonatologia,Patologia neonatale,19,incarico di responsabile di struttura semplice,45260,0,33333,78593
A00372,Cirillo,Gemito,1976-12-10,1,+39 3312771461,"Rotonda Milena, 8 70121, Bari (BA)",infermiere,laurea scienze infermieristiche,0,cardiologia,no,24,no,23653,4000,0,27653
A00373,Arturo,Faranda,1994-02-18,1,+39 3875245542,"Canale Pasqual, 18 70126, Torre A Mare (BA)",medico,laurea medicina,1,anestesia e rianimazione,Anestesiologia rianimazione e terapia intensiva,6,incarico di responsabile di struttura complessa,45260,0,45702,90962
A00374,Aurora,Morlacchi,1958-11-02,0,+39 3598381567,"Incrocio Malpighi, 0 70125, Carrassi (BA)",infermiere,laurea scienze infermieristiche,0,neurologia,no,42,no,23653,6000,0,29653
A00375,Sergius,Giannuzzi,1966-08-05,1,+39 3333901672,"Incrocio Lisa, 2 Piano 5 70025, Grumo Appula (BA)",medico,laurea medicina,1,cardiologia,Cardiologia e reumatologia,34,incarico professionale,45260,0,24143,69403
A00376,Mirko,Ruggieri,1993-11-16,1,+39 3082766254,"Vicolo Pasolini, 26 Piano 3 70021, Acquaviva Delle Fonti (BA)",medico,laurea medicina,1,neurologia,Terapia neurologica,7,incarico di responsabile di struttura semplice,45260,0,33333,78593
A00377,Giorgio,Gigli,1973-02-18,1,+39 3531618420,"Piazza Graziella, 48 70131, Carbonara Di Bari (BA)",infermiere,laurea scienze infermieristiche,0,anestesia e rianimazione,no,17,no,23653,5000,0,28653
A00378,Ottavio,Boldu,1996-02-03,1,+39 3041412543,"Piazza Eraldo, 84 70043, Lamalunga (BA)",ausiliare,no,1,nefrologia e dialisi,no,4,no,20907,0,0,20907
A00379,Romolo,Bassi,1968-09-21,1,+39 3333163902,"Viale Gino, 130 70121, Bari (BA)",infermiere,laurea scienze infermieristiche,0,neurologia,no,32,no,23653,6000,0,29653
A00380,Danilo,Soderini,1992-11-20,1,+39 3817798039,"Rotonda Amadeo, 9 Appartamento 0 70027, Palo Del Colle (BA)",medico,laurea medicina,1,anestesia e rianimazione,Anestesiologia,8,incarico professionale,45260,0,24143,69403
A00381,Leonardo,Greggio,1978-12-19,1,+39 3516860701,"Stretto Calcedonio, 478 Appartamento 3 70131, Carbonara Di Bari (BA)",medico,laurea medicina,1,malattie dell'apparato respiratorio,Medicina e Chirurgia di Accettazione ed Urgenza,22,incarico di responsabile di struttura semplice,45260,0,33333,78593
A00382,Laurea,Pasolini,1960-08-22,0,+39 3987543197,"Stretto Olga, 8 70025, Grumo Appula (BA)",medico,laurea medicina,1,neonatologia,Terapia intensiva neonatale,40,incarico professionale,45260,0,24143,69403 
A00383,Zaira,Catenazzi,1962-10-29,0,+39 3891209235,"Borgo Vidoni, 28 Appartamento 3 70021, Acquaviva Delle Fonti (BA)",infermiere,laurea magistrale infermieristica,1,neurologia,no,38,no,23653,6000,0,29653
A00384,Galasso,Tartaglia,1981-05-05,1,+39 3515442404,"Contrada Claudia, 697 Piano 1 70043, Cozzana (BA)",ausiliare,no,1,neurologia,no,19,no,20907,2100,0,23007
A00385,Lucrezia,Cannizzaro,1976-11-07,0,+39 3504965637,"Viale Stefani, 64 Piano 6 70121, Bari (BA)",infermiere,laurea scienze infermieristiche,1,cardiologia,no,24,no,23653,4000,0,27653
A00386,Nicoletta,Giannini,1983-12-14,0,+39 3223966708,"Piazza Adriana, 17 70127, Santo Spirito (BA)",infermiere,laurea scienze infermieristiche,0,neonatologia,no,17,no,23653,3000,0,26653
A00387,Tatiana,Galiazzo,1962-06-11,0,+39 3871129754,"Vicolo Lolita, 76 Appartamento 9 70128, Palese (BA)",infermiere,laurea scienze infermieristiche,0,neonatologia,no,38,no,23653,6000,0,29653
A00388,Livia,Einaudi,1995-11-02,0,+39 3808359767,"Contrada Aurora, 3 Piano 4 70121, Bari (BA)",infermiere,laurea scienze infermieristiche,0,anestesia e rianimazione,no,5,no,23653,1000,0,24653
A00389,Gioachino,Dalla,1960-07-29,1,+39 3302047844,"Viale Achille, 29 Appartamento 23 70128, Palese (BA)",medico,laurea medicina,1,neonatologia,Clinica pediatrica,40,incarico professionale,45260,0,24143,69403
A00390,Pomponio,Bellini,1993-04-21,1,+39 3412607602,"Incrocio Nordio, 9 70042, Mola Di Bari (BA)",medico,laurea medicina,1,malattie dell'apparato respiratorio,Fisiopatologia respiratoria,7,incarico professionale,45260,0,24143,69403
A00391,Mariano,Venier,1971-06-23,1,+39 3370934980,"Borgo Camillo, 224 70020, Bitetto (BA)",medico,laurea medicina,1,anestesia e rianimazione,Servizio sanitario d’urgenza ed emergenza,29,incarico professionale,45260,0,24143,69403
A00392,Mario,Niscoromni,1963-02-08,1,+39 3783197505,"Canale Rossellini, 48 Piano 6 70015, Noci (BA)",ausiliare,no,1,anestesia e rianimazione,no,37,no,20907,4200,0,25107
A00393,Pina,Cappelli,1994-07-26,0,+39 3975095794,"Rotonda Claudio, 30 Piano 4 70026, Modugno (BA)",OSS,diploma operatore socio-sanitario,1,nefrologia e dialisi,no,6,no,22180,800,0,22980
A00394,Giorgia,Tamburini,1973-11-24,0,+39 3850360271,"Stretto Giulia, 483 70100, Bari (BA)",infermiere,laurea scienze infermieristiche,0,anestesia e rianimazione,no,7,no,23653,5000,0,28653
A00395,Amleto,Puccini,1970-04-12,1,+39 3105873693,"Borgo Scaramucci, 6 70015, Noci (BA)",infermiere,laurea scienze infermieristiche,1,malattie dell'apparato respiratorio,no,30,no,23653,6000,0,29653
A00396,Elena,Rossini,1994-07-23,0,+39 3801317664,"Piazza Amadeo, 3 Appartamento 91 70016, Parco Scizzo (BA)",caposala,laurea magistrale infermieristica,1,anestesia e rianimazione,no,6,no,25675,1200,0,26875
A00397,Susanna,Paganini,1959-09-11,0,+39 3683729265,"Contrada Callegaro, 38 70127, Santo Spirito (BA)",infermiere,laurea scienze infermieristiche,0,cardiologia,no,41,no,23653,6000,0,29653
A00398,Dante,Spanevello,1983-01-15,1,+39 3795260494,"Borgo Liberto, 8 70017, Putignano (BA)",infermiere,laurea scienze infermieristiche,1,cardiologia,no,17,no,23653,3000,0,26653
A00399,Bernardo,Mondaini,1989-10-14,1,+39 3468048239,"Contrada Rismondo, 9 70122, Bari (BA)",ausiliare,no,1,anestesia e rianimazione,no,11,no,20907,1400,0,22307
A00400,Cassandra,Ruggieri,1991-12-31,0,+39 3711180378,"Vicolo Allegra, 51 Piano 2 70028, Sannicandro Di Bari (BA)",medico,laurea medicina,1,neurologia,Neurofisiologia clinica,9,incarico professionale,45260,0,24143,69403
A00401,Damiano,Campano,1980-05-19,1,+39 3170408406,"Viale Ferragamo, 67 70054, Giovinazzo (BA)",medico,laurea medicina,1,anestesia e rianimazione,Anestesiologia e rianimazione,20,incarico professionale,45260,0,24143,69403
A00402,Marissa,Sforza,1977-10-09,0,+39 3704095728,"Incrocio Loredan, 12 Appartamento 36 70017, San Michele In Monte Laureto (BA)",infermiere,laurea magistrale infermieristica,1,nefrologia e dialisi,no,23,no,23653,4000,0,27653
A00403,Guarino,Pascarella,1983-05-30,1,+39 3729272759,"Borgo Napolitano, 738 70128, Palese (BA)",infermiere,laurea scienze infermieristiche,0,nefrologia e dialisi,no,17,no,23653,3000,0,26653
A00404,Lamberto,Chiaramonte,1983-07-07,1,+39 3286054052,"Canale Ruggiero, 7 Appartamento 11 70020, Bitritto (BA)",medico,laurea medicina,1,nefrologia e dialisi,Emodialisi,17,incarico professionale,45260,0,24143,69403
A00405,Filippo,Cantimori,1991-09-21,1,+39 3494539456,"Strada Edoardo, 481 70016, Noicattaro (BA)",OSS,diploma operatore socio-sanitario,0,cardiologia,no,9,no,22180,800,0,22980
A00406,Annalisa,Botta,1957-04-27,0,+39 3957078844,"Viale Bersani, 2 70122, Bari (BA)",infermiere,laurea scienze infermieristiche,0,cardiologia,no,13,no,23653,6000,0,29653
A00407,Antonietta,Bajamonti,1960-05-05,0,+39 3743197687,"Strada Speri, 61 70125, Carrassi (BA)",infermiere,laurea scienze infermieristiche,0,malattie dell'apparato respiratorio,no,40,no,23653,6000,0,29653
A00408,Vittorio,Ruffini,1964-07-29,1,+39 3374243392,"Canale Carullo, 829 Piano 7 70025, Grumo Appula (BA)",ausiliare,no,1,cardiologia,no,36,no,20907,4200,0,25107
A00409,Ferdinando,Fiorucci,1963-11-23,1,+39 3240068777,"Vicolo Antonina, 50 70038, Terlizzi (BA)",infermiere,laurea scienze infermieristiche,1,anestesia e rianimazione,no,37,no,23653,6000,0,29653
A00410,Michele,Miniati,1988-08-23,0,+39 3054993702,"Borgo Pertini, 19 70126, Mungivacca (BA)",medico,laurea medicina,1,neurologia,Neurofisiologia clinica,12,incarico professionale,45260,0,24143,69403
A00411,Biagio,Caracciolo,1997-06-02,1,+39 3845011031,"Canale Flavia, 56 70056, Molfetta (BA)",infermiere,laurea scienze infermieristiche,1,anestesia e rianimazione,no,3,no,23653,0,0,23653
A00412,Riccardo,Pietrangeli,1964-04-18,1,+39 3859004168,"Rotonda Pompeo, 54 Piano 0 70054, Giovinazzo (BA)",infermiere,laurea scienze infermieristiche,1,anestesia e rianimazione,no,36,no,23653,6000,0,29653
A00413,Ida,Mascheroni,1989-09-23,0,+39 3319062207,"Canale Pavone, 991 Appartamento 43 70127, Santo Spirito (BA)",medico,laurea medicina,1,neurologia,Terapia neurologica,11,incarico professionale,45260,0,24143,69403
A00414,Martino,Ferrazzi,1990-01-06,1,+39 3285848553,"Viale Adriano, 444 Appartamento 3 70021, Acquaviva Delle Fonti (BA)",medico,laurea medicina,1,cardiologia,Cardiologia e malattie dei vasi,11,incarico professionale,45260,0,24143,69403
A00415,Anita,Argenti,1991-04-27,0,+39 3314067201,"Via Gianfranco, 482 70027, Palo Del Colle (BA)",OSS,diploma operatore socio-sanitario,1,neurologia,no,9,no,22180,800,0,22980
A00416,Tatiana,Leone,1997-09-02,0,+39 3193937106,"Contrada Ronaldo, 42 Piano 5 70126, Japigia (BA)",medico,laurea medicina,1,cardiologia,Cardiologia e malattie dei vasi,3,incarico professionale,45260,0,24143,69403
A00417,Fiorenzo,Curci,1990-12-09,1,+39 3626939944,"Canale Villarosa, 40 Piano 2 70013, Castellana Grotte (BA)",ausiliare,no,1,malattie dell'apparato respiratorio,no,10,no,20907,1400,0,22307
A00418,Leonardo,Bompiani,1990-01-26,1,+39 3825415848,"Via Bartolomeo, 63 Piano 0 70122, Bari (BA)",infermiere,laurea scienze infermieristiche,0,malattie dell'apparato respiratorio,no,10,no,23653,2000,0,25653
A00419,Ruggiero,Brugnaro,1984-04-25,1,+39 3742309519,"Strada Fulvio, 296 70123, San Paolo (BA)",ausiliare,no,1,cardiologia,no,16,no,20907,2100,0,23007
A00420,Eugenia,Sanudo,1991-12-30,0,+39 3857875187,"Borgo Pugliese, 8 Appartamento 44 70127, Santo Spirito (BA)",infermiere,laurea scienze infermieristiche,0,malattie dell'apparato respiratorio,no,9,no,23653,1000,0,24653
A00421,Romeo,Togliatti,1974-08-19,1,+39 3155892194,"Incrocio Matteo, 59 70042, Mola Di Bari (BA)",infermiere,laurea scienze infermieristiche,1,cardiologia,no,26,no,23653,5000,0,28653
A00422,Lidia,Sinisi,1982-12-25,0,+39 3750808297,"Contrada Lucio, 2 70027, Palo Del Colle (BA)",infermiere,laurea scienze infermieristiche,1,anestesia e rianimazione,no,18,no,23653,3000,0,26653
A00423,Licia,Zampa,1986-02-04,0,+39 3548301358,"Rotonda Baccio, 966 70126, Bari (BA)",infermiere,laurea scienze infermieristiche,0,neonatologia,no,14,no,23653,2000,0,25653
A00424,Beatrice,Spinola,1962-02-04,0,+39 3991920264,"Stretto Zaccagnini, 285 70054, Giovinazzo (BA)",infermiere,laurea scienze infermieristiche,1,anestesia e rianimazione,no,38,no,23653,6000,0,29653
A00425,Edoardo,Camicione,1972-10-11,1,+39 3067562285,"Vicolo Gianna, 57 Piano 9 70100, Bari (BA)",infermiere,laurea scienze infermieristiche,0,nefrologia e dialisi,no,18,no,23653,5000,0,28653
A00426,Piergiorgio,Petrucelli,1959-08-07,1,+39 3795434609,"Canale Ludovico, 113 Appartamento 3 70028, Sannicandro Di Bari (BA)",OSS,diploma operatore socio-sanitario,1,neurologia,no,41,no,22180,4800,0,26980
A00427,Anita,Sonnino,1968-09-16,0,+39 3325297999,"Via Tiepolo, 59 70100, Bari (BA)",medico,laurea medicina,1,nefrologia e dialisi,Nefrologia medica,32,incarico professionale,45260,0,24143,69403
A00428,Liliana,Agostinelli,1997-09-06,0,+39 3051347353,"Rotonda Elena, 3 Piano 5 70124, Poggio Franco (BA)",OSS,diploma operatore socio-sanitario,1,cardiologia,no,3,no,22180,0,0,22180
A00429,Ciro,Cimini,1972-03-04,1,+39 3336534961,"Stretto Cilea, 69 70129, Ceglie Del Campo (BA)",medico,laurea medicina,1,anestesia e rianimazione,Anestesiologia,28,incarico professionale,45260,0,24143,69403
A00430,Ezio,Mimun,1996-02-27,1,+39 3121684825,"Rotonda Carullo, 123 70025, Grumo Appula (BA)",infermiere,laurea scienze infermieristiche,1,cardiologia,no,4,no,23653,0,0,23653
A00431,Pasquale,Marconi,1994-12-08,1,+39 3577338526,"Strada Massimiliano, 96 Piano 4 70010, Adelfia (BA)",infermiere,laurea scienze infermieristiche,1,cardiologia,no,6,no,23653,1000,0,24653
A00432,Mariano,Navone,1968-01-15,1,+39 3242806805,"Strada Mariano, 480 Appartamento 7 70023, Gioia Del Colle (BA)",ausiliare,no,1,nefrologia e dialisi,no,32,no,20907,4200,0,25107
A00433,Alderano,Maccanelli,1971-05-25,1,+39 3842186541,"Stretto Ramona, 89 70131, Carbonara Di Bari (BA)",infermiere,laurea scienze infermieristiche,0,cardiologia,no,9,no,23653,5000,0,28653
A00434,Antonino,Dossi,1979-08-27,1,+39 3019745997,"Piazza Graziano, 796 Piano 3 70126, Japigia (BA)",infermiere,laurea scienze infermieristiche,0,anestesia e rianimazione,no,11,no,23653,4000,0,27653
A00435,Bettina,Volta,1971-09-23,0,+39 3500752518,"Incrocio Carnera, 48 70010, Locorotondo (BA)",ausiliare,no,1,anestesia e rianimazione,no,29,no,20907,3500,0,24407
A00436,Margherita,Casaleggio,1986-04-13,0,+39 3078028683,"Rotonda Fantini, 19 Appartamento 45 70043, Monopoli (BA)",medico,laurea medicina,1,anestesia e rianimazione,Anestesiologia,14,incarico professionale,45260,0,24143,69403
A00437,Coluccio,Comencini,1965-08-16,1,+39 3019493573,"Via Beppe, 164 70129, Ceglie Del Campo (BA)",ausiliare,no,1,malattie dell'apparato respiratorio,no,35,no,20907,4200,0,25107
A00438,Bruno,Comencini,1963-12-04,1,+39 3363118456,"Canale Mattia, 820 70125, Carrassi (BA)",infermiere,laurea scienze infermieristiche,0,neurologia,no,37,no,23653,6000,0,29653
A00439,Gioachino,Turati,1991-07-08,1,+39 3341643816,"Stretto Vecellio, 39 70121, Bari (BA)",infermiere,laurea scienze infermieristiche,1,cardiologia,no,9,no,23653,1000,0,24653
A00440,Romana,Camilleri,1994-04-12,0,+39 3420173552,"Borgo Stefania, 345 Appartamento 1 70016, Parco Scizzo (BA)",medico,laurea medicina,1,anestesia e rianimazione,Anestesiologia,6,incarico professionale,45260,0,24143,69403
A00441,Antonella,Pasqua,1961-01-18,0,+39 3339002590,"Strada Annetta, 21 Piano 1 70129, Ceglie Del Campo (BA)",infermiere,laurea scienze infermieristiche,0,malattie dell'apparato respiratorio,no,39,no,23653,6000,0,29653
A00442,Flavio,Mancini,1983-12-18,1,+39 3030678129,"Via Gaetano, 78 Piano 3 70125, Carrassi (BA)",medico,laurea medicina,1,cardiologia,Malattie cardiovascolari,17,incarico professionale,45260,0,24143,69403
A00443,Aurora,Milanesi,1983-10-30,0,+39 3911064991,"Rotonda Opizzi, 7 70123, Bari (BA)",medico,laurea medicina,0,cardiologia,Cardiologia e malattie dei vasi,17,incarico professionale,45260,0,24143,69403
A00444,Umberto,Pincherle,1960-10-25,1,+39 3257313391,"Borgo Maffei, 57 70038, Terlizzi (BA)",medico,laurea medicina,1,neurologia,Semeiotica neurologica,40,incarico professionale,45260,0,24143,69403
A00445,Livia,Morgagni,1988-05-07,0,+39 3983245183,"Vicolo Gianfranco, 3 Piano 5 70124, Bari (BA)",infermiere,laurea scienze infermieristiche,0,neurologia,no,12,no,23653,2000,0,25653
A00446,Micheletto,Vendetti,1996-03-21,1,+39 3221605511,"Contrada Alessandro, 9 70131, Carbonara Di Bari (BA)",infermiere,laurea scienze infermieristiche,0,neurologia,no,4,no,23653,0,0,23653
A00447,Toni,Ostinelli,1966-11-11,1,+39 3085550165,"Strada Martucci, 89 Appartamento 0 70129, Loseto (BA)",infermiere,laurea scienze infermieristiche,0,neurologia,no,34,no,23653,6000,0,29653
A00448,Giampiero,Salandra,1973-11-04,1,+39 3584688780,"Viale Diana, 84 70126, Mungivacca (BA)",infermiere,laurea scienze infermieristiche,0,malattie dell'apparato respiratorio,no,27,no,23653,5000,0,28653
A00449,Jacopo,Pirandello,1997-05-12,1,+39 3190940016,"Rotonda Rizzo, 17 70022, Parisi (BA)",infermiere,laurea scienze infermieristiche,1,anestesia e rianimazione,no,3,no,23653,0,0,23653
A00450,Rosina,Rossini,1961-02-12,0,+39 3926814372,"Incrocio Rembrandt, 29 Appartamento 27 70122, Bari (BA)",medico,laurea medicina,1,anestesia e rianimazione,Anestesiologia,39,incarico professionale,45260,0,24143,69403
A00451,Massimiliano,Paolucci,1962-09-24,1,+39 3627133107,"Contrada Torlonia, 44 Appartamento 91 70100, Bari (BA)",medico,laurea medicina,1,anestesia e rianimazione,Anestesiologia rianimazione e terapia intensiva,38,incarico professionale,45260,0,24143,69403
A00452,Pier,Tonisto,1987-12-31,1,+39 3487075997,"Canale Montanariello, 812 Piano 1 70124, Bari (BA)",infermiere,laurea scienze infermieristiche,0,cardiologia,no,13,no,23653,2000,0,25653
A00453,Puccio,Dossi,1982-07-13,1,+39 3427609949,"Incrocio Iadanza, 3 70042, Mola Di Bari (BA)",infermiere,laurea scienze infermieristiche,1,cardiologia,no,18,no,23653,3000,0,26653
A00454,Adelmo,Sansoni,1965-05-17,1,+39 3597856622,"Borgo Tullio, 93 70127, Santo Spirito (BA)",infermiere,laurea scienze infermieristiche,0,cardiologia,no,5,no,23653,6000,0,29653
A00455,Lorenzo,Antonello,1965-10-16,1,+39 3769990666,"Vicolo Togliatti, 914 70026, Modugno (BA)",OSS,diploma operatore socio-sanitario,1,neonatologia,no,35,no,22180,4800,0,26980
A00456,Giuseppina,Nitti,1986-10-05,0,+39 3433651432,"Strada Sante, 41 Appartamento 0 70129, Loseto (BA)",medico,laurea medicina,1,neonatologia,Terapia intensiva neonatale,14,incarico professionale,45260,0,24143,69403
A00457,Daniele,Boccioni,1967-12-21,0,+39 3105779004,"Viale Babati, 85 Piano 3 70011, Alberobello (BA)",ausiliare,no,1,nefrologia e dialisi,no,33,no,20907,4200,0,25107
A00458,Benedetta,Jovinelli,1998-11-25,0,+39 3452979271,"Strada Achille, 879 70125, Carrassi (BA)",infermiere,laurea scienze infermieristiche,0,neonatologia,no,2,no,23653,0,0,23653
A00459,Luigi,Miniati,1976-11-29,1,+39 3656445745,"Canale Zaira, 26 Appartamento 2 70024, La Murgetta (BA)",ausiliare,no,1,neurologia,no,24,no,20907,2800,0,23707
A00460,Dina,Ortese,1988-07-29,0,+39 3415908250,"Canale Morena, 241 70100, Bari (BA)",infermiere,laurea scienze infermieristiche,0,neurologia,no,12,no,23653,2000,0,25653
A00461,Gianfrancesco,Carfagna,1975-07-16,1,+39 3965950128,"Canale Anastasi, 26 70037, Ruvo Di Puglia (BA)",medico,laurea medicina,1,neonatologia,Clinica pediatrica,25,incarico professionale,45260,0,24143,69403
A00462,Elisa,Cicilia,1998-03-16,0,+39 3385689496,"Borgo Nolcini, 89 Appartamento 73 70129, Loseto (BA)",infermiere,laurea scienze infermieristiche,0,neonatologia,no,2,no,23653,0,0,23653
A00463,Cirillo,Benigni,1986-05-29,1,+39 3832859451,"Contrada Balotelli, 262 70129, Loseto (BA)",OSS,diploma operatore socio-sanitario,1,anestesia e rianimazione,no,14,no,22180,1600,0,23780
A00464,Giovanna,Musatti,1988-12-17,0,+39 3419402305,"Via Casarin, 8 Appartamento 5 70131, Carbonara Di Bari (BA)",infermiere,laurea scienze infermieristiche,0,neonatologia,no,12,no,23653,2000,0,25653
A00465,Flora,Agnesi,1986-06-09,0,+39 3348079713,"Contrada Finzi, 35 Piano 3 70022, Altamura (BA)",ausiliare,no,1,cardiologia,no,14,no,20907,1400,0,22307
A00466,Victoria,Finetti,1985-04-17,0,+39 3212620021,"Incrocio Boitani, 9 70126, Japigia (BA)",medico,laurea medicina,1,nefrologia e dialisi,Emodialisi,15,incarico di responsabile di struttura complessa,45260,0,45702,90962
A00467,Marcello,Sagredo,1993-09-27,1,+39 3552627060,"Canale Alfonsi, 73 Piano 8 70028, Sannicandro Di Bari (BA)",infermiere,laurea scienze infermieristiche,1,anestesia e rianimazione,no,7,no,23653,1000,0,24653
A00468,Maurilio,Barsanti,1990-06-24,1,+39 3971580594,"Rotonda Orlando, 42 70029, Santeramo In Colle (BA)",medico,laurea medicina,1,neurologia,Neuropsichiatria,10,incarico professionale,45260,0,24143,69403
A00469,Rocco,Forza,1978-12-29,1,+39 3552108602,"Contrada Ciampi, 65 Piano 6 70127, Santo Spirito (BA)",infermiere,laurea scienze infermieristiche,0,malattie dell'apparato respiratorio,no,12,no,23653,4000,0,27653
A00470,Gaspare,Benigni,1990-05-06,1,+39 3267059662,"Piazza Sinisi, 7 70017, Putignano (BA)",infermiere,laurea scienze infermieristiche,1,cardiologia,no,10,no,23653,2000,0,25653
A00471,Lazzaro,Petrucci,1981-05-16,1,+39 3049193101,"Incrocio Gioffre, 379 Appartamento 3 70129, Loseto (BA)",infermiere,laurea scienze infermieristiche,0,malattie dell'apparato respiratorio,no,19,no,23653,3000,0,26653
A00472,Liana,Vianello,1964-02-16,0,+39 3589768069,"Stretto Giannuzzi, 712 Piano 4 70037, Ruvo Di Puglia (BA)",medico,laurea medicina,1,neurologia,Semeiotica neurologica,36,incarico professionale,45260,0,24143,69403
A00473,Rosalia,Marino,1967-04-02,0,+39 3931420892,"Borgo Fedele, 76 Appartamento 44 70123, San Francesco Dell'Arena (BA)",infermiere,laurea scienze infermieristiche,0,neonatologia,no,33,no,23653,6000,0,29653
A00474,Ciro,Tamburello,1962-01-24,1,+39 3050090577,"Incrocio Pulci, 712 70033, Corato (BA)",medico,laurea medicina,1,malattie dell'apparato respiratorio,Tisiologia,38,incarico professionale,45260,0,24143,69403
A00475,Nicoletta,Doria,1963-07-23,0,+39 3205047636,"Stretto Riccati, 627 Appartamento 1 70013, Castellana Grotte (BA)",medico,laurea medicina,1,cardiologia,Cardiologia e malattie dei vasi,37,incarico professionale,45260,0,24143,69403
A00476,Vito,Rosmini,1999-01-10,1,+39 3582538937,"Incrocio Pincherle, 46 70129, Ceglie Del Campo (BA)",infermiere,laurea scienze infermieristiche,0,neurologia,no,2,no,23653,0,0,23653
A00477,Cesare,Sforza,1976-04-02,1,+39 3151737266,"Via Nina, 854 Appartamento 44 70042, San Maderno (BA)",infermiere,laurea scienze infermieristiche,1,anestesia e rianimazione,no,24,no,23653,4000,0,27653
A00478,Tiziano,Pederiva,1974-11-29,1,+39 3696184074,"Piazza Zoppetto, 52 Appartamento 7 70044, Polignano A Mare (BA)",medico,laurea medicina,1,cardiologia,Angiologia,26,incarico professionale,45260,0,24143,69403
A00479,Domenico,Gilardoni,1971-08-22,1,+39 3085406833,"Via Vigorelli, 9 70056, Molfetta (BA)",infermiere,laurea scienze infermieristiche,1,anestesia e rianimazione,no,29,no,23653,5000,0,28653
A00480,Giancarlo,Odescalchi,1967-03-16,1,+39 3766827318,"Rotonda Mario, 38 70125, Carrassi (BA)",infermiere,laurea scienze infermieristiche,0,nefrologia e dialisi,no,13,no,23653,6000,0,29653
A00481,Raffaele,Vergerio,1971-06-09,1,+39 3195052772,"Piazza Tasca, 96 70121, Bari (BA)",infermiere,laurea scienze infermieristiche,0,malattie dell'apparato respiratorio,no,9,no,23653,5000,0,28653
A00482,Ignazio,Vattimo,1970-12-08,1,+39 3300303844,"Incrocio Campise, 67 70125, Carrassi (BA)",infermiere,laurea scienze infermieristiche,0,cardiologia,no,10,no,23653,6000,0,29653
A00483,Sergius,Cutrufo,1982-07-13,1,+39 3119004225,"Piazza Paulina, 0 Appartamento 24 70129, Ceglie Del Campo (BA)",infermiere,laurea scienze infermieristiche,0,neurologia,no,18,no,23653,3000,0,26653
A00484,Rosa,Canali,1995-03-21,0,+39 3358888982,"Rotonda Notarbartolo, 143 70027, Palo Del Colle (BA)",infermiere,laurea scienze infermieristiche,1,anestesia e rianimazione,no,5,no,23653,1000,0,24653
A00485,Delfino,Zoppetti,1981-08-22,1,+39 3860946291,"Vicolo Benvenuto, 20 Piano 9 70037, Ruvo Di Puglia (BA)",infermiere,laurea scienze infermieristiche,1,anestesia e rianimazione,no,19,no,23653,3000,0,26653
A00486,Marisa,Ferrucci,1979-01-10,0,+39 3222146897,"Piazza Boccaccio, 39 70123, San Francesco Dell'Arena (BA)",infermiere,laurea scienze infermieristiche,0,neonatologia,no,22,no,23653,4000,0,27653
A00487,Enrico,Porcellato,1959-04-12,1,+39 3332453589,"Via Flavia, 4 Piano 5 70131, Carbonara Di Bari (BA)",infermiere,laurea scienze infermieristiche,0,cardiologia,no,6,no,23653,6000,0,29653
A00488,Pellegrino,Battaglia,1977-12-26,1,+39 3722411283,"Incrocio Alfio, 2 Appartamento 1 70021, Acquaviva Delle Fonti (BA)",infermiere,laurea scienze infermieristiche,1,anestesia e rianimazione,no,23,no,23653,4000,0,27653
A00489,Paolo,Pepe,1966-10-21,1,+39 3529437937,"Borgo Romolo, 7 Piano 6 70129, Loseto (BA)",infermiere,laurea scienze infermieristiche,0,neurologia,no,34,no,23653,6000,0,29653
A00490,Guarino,Molesini,1961-04-07,1,+39 3024149716,"Stretto Giannelli, 81 Appartamento 95 70131, Carbonara Di Bari (BA)",infermiere,laurea scienze infermieristiche,0,cardiologia,no,3,no,23653,6000,0,29653
A00491,Adriana,Fuseli,1967-06-21,0,+39 3952910093,"Contrada Bertoli, 181 70126, Bari (BA)",infermiere,laurea scienze infermieristiche,0,neurologia,no,13,no,23653,6000,0,29653
A00492,Marissa,Filangieri,1975-01-11,0,+39 3676376154,"Via Fulvio, 86 70129, Loseto (BA)",OSS,diploma operatore socio-sanitario,1,malattie dell'apparato respiratorio,no,26,no,22180,4000,0,26180
A00493,Michelotto,Capecchi,1998-12-16,1,+39 3748070066,"Vicolo Gelli, 54 70025, Grumo Appula (BA)",OSS,diploma operatore socio-sanitario,1,malattie dell'apparato respiratorio,no,2,no,22180,0,0,22180
A00494,Agnolo,Cossiga,1969-01-06,1,+39 3182841107,"Incrocio Riccati, 54 70129, Loseto (BA)",infermiere,laurea scienze infermieristiche,0,neurologia,no,2,no,23653,6000,0,29653
A00495,Lucia,Valmarana,1962-01-08,0,+39 3381591630,"Strada Leblanc, 3 70121, Bari (BA)",infermiere,laurea scienze infermieristiche,0,neonatologia,no,39,no,23653,6000,0,29653
A00496,Cristina,Blasi,1960-08-24,0,+39 3845534750,"Strada Ferrata, 95 70123, San Francesco Dell'Arena (BA)",infermiere,laurea scienze infermieristiche,0,neonatologia,no,40,no,23653,6000,0,29653
A00497,Enrico,Vianello,1958-10-16,1,+39 3919182052,"Vicolo Nicolo, 29 Piano 6 70022, Parisi (BA)",caposala,laurea magistrale infermieristica,0,cardiologia,no,42,no,25675,8400,0,34075
A00498,Renzo,Berengario,1957-01-31,1,+39 3358758946,"Via Carmelo, 434 Appartamento 44 70016, Noicattaro (BA)",medico,laurea medicina,1,nefrologia e dialisi,Malattie del rene del sangue e del ricambio,43,incarico professionale,45260,0,24143,69403
A00499,Leonardo,Gravina,1988-05-01,1,+39 3714480723,"Strada Orlando, 21 Piano 4 70129, Loseto (BA)",infermiere,laurea scienze infermieristiche,0,malattie dell'apparato respiratorio,no,12,no,23653,2000,0,25653
A00500,Lisa,Nosiglia,1992-02-01,0,+39 3988043876,"Borgo Moschino, 7 Piano 7 70121, Bari (BA)",infermiere,laurea scienze infermieristiche,0,anestesia e rianimazione,no,8,no,23653,1000,0,24653